"ID","group","day","cytokine","sex","value","LOD","fold_change_baseline","NHP","virus","perc_nk_cells","nb_nk_cells"
"NV259","Control",-7,"IL.15","F",75.45,75.45,1,"Cyno","Dengue virus",NA,NA
"NV259","Control",-7,"EGF","F",116.48,3.41,1,"Cyno","Dengue virus",NA,NA
"NV259","Control",-7,"IL.17","F",30.96,30.96,NA,"Cyno","Dengue virus",NA,NA
"NV259","Control",-7,"MDC","F",1761.65,286.83,1,"Cyno","Dengue virus",NA,NA
"NV259","Control",-7,"MIP.1B","F",64.19,32.55,1,"Cyno","Dengue virus",NA,NA
"NV259","Control",-7,"IL.2","F",43.77,43.77,1,"Cyno","Dengue virus",NA,NA
"NV259","Control",-7,"MIG","F",24.23,24.23,NA,"Cyno","Dengue virus",NA,NA
"NV259","Control",-7,"MCP.1","F",557.81,20.12,1,"Cyno","Dengue virus",NA,NA
"NV259","Control",-7,"IL.4","F",38.96,38.96,NA,"Cyno","Dengue virus",NA,NA
"NV259","Control",-7,"MIP.1a","F",28.54,28.54,1,"Cyno","Dengue virus",NA,NA
"NV259","Control",-7,"IFN.g","F",28.96,14.44,1,"Cyno","Dengue virus",NA,NA
"NV259","Control",-7,"IL.6","F",7.71,7.71,NA,"Cyno","Dengue virus",NA,NA
"NV259","Control",-7,"Eotaxin","F",271.82,2.64,1,"Cyno","Dengue virus",NA,NA
"NV259","Control",-7,"IL.RA","F",180.4,55.74,1,"Cyno","Dengue virus",NA,NA
"NV259","Control",-7,"HGF","F",813.52,74.94,1,"Cyno","Dengue virus",NA,NA
"NV259","Control",-7,"G.CSF","F",117.45,113.59,1,"Cyno","Dengue virus",NA,NA
"NV259","Control",-7,"IP.10","F",4.38,4.38,1,"Cyno","Dengue virus",NA,NA
"NV259","Control",-7,"I.TAC","F",183.96,32.66,1,"Cyno","Dengue virus",NA,NA
"NV259","Control",-7,"TGFbeta","F",98.31,3.3,1,"Cyno","Dengue virus",NA,NA
"NV259","Control",-7,"IL.12","F",3090.37,112.39,1,"Cyno","Dengue virus",NA,NA
"NV259","Control",-7,"IL.1B","F",12.04,12.04,NA,"Cyno","Dengue virus",NA,NA
"NV259","Control",-7,"GM.CSF","F",12.88,12.88,1,"Cyno","Dengue virus",NA,NA
"NV259","Control",-7,"IL.8","F",11.68,11.68,NA,"Cyno","Dengue virus",NA,NA
"NV259","Control",-7,"RANTES","F",3273.03,9.09,1,"Cyno","Dengue virus",NA,NA
"NV259","Control",-7,"TNF.alpha","F",14.2,14.2,1,"Cyno","Dengue virus",NA,NA
"NV259","Control",-7,"MIF","F",156.22,5.06,1,"Cyno","Dengue virus",NA,NA
"NV259","Control",-7,"IL.10","F",13.57,13.57,NA,"Cyno","Dengue virus",NA,NA
"NV259","Control",-7,"IL.5","F",6.45,6.45,NA,"Cyno","Dengue virus",NA,NA
"NV259","Control",-7,"VEGF","F",1.35,1.35,NA,"Cyno","Dengue virus",NA,NA
"NV259","Control",1,"IL.15","F",75.45,75.45,1,"Cyno","Dengue virus",4.7,1405
"NV259","Control",1,"IL.RA","F",180.96,55.74,1.00310421286031,"Cyno","Dengue virus",4.7,1405
"NV259","Control",1,"IL.5","F",6.45,6.45,NA,"Cyno","Dengue virus",4.7,1405
"NV259","Control",1,"EGF","F",129.66,3.41,1.11315247252747,"Cyno","Dengue virus",4.7,1405
"NV259","Control",1,"IP.10","F",4.38,4.38,1,"Cyno","Dengue virus",4.7,1405
"NV259","Control",1,"G.CSF","F",146.82,113.59,1.25006385696041,"Cyno","Dengue virus",4.7,1405
"NV259","Control",1,"IL.17","F",30.96,30.96,NA,"Cyno","Dengue virus",4.7,1405
"NV259","Control",1,"IL.2","F",43.77,43.77,1,"Cyno","Dengue virus",4.7,1405
"NV259","Control",1,"MIG","F",24.23,24.23,NA,"Cyno","Dengue virus",4.7,1405
"NV259","Control",1,"MCP.1","F",453.84,20.12,0.813610369122102,"Cyno","Dengue virus",4.7,1405
"NV259","Control",1,"IL.1B","F",12.04,12.04,NA,"Cyno","Dengue virus",4.7,1405
"NV259","Control",1,"IL.4","F",38.96,38.96,NA,"Cyno","Dengue virus",4.7,1405
"NV259","Control",1,"MIP.1a","F",40.28,28.54,1.41135248773651,"Cyno","Dengue virus",4.7,1405
"NV259","Control",1,"MIF","F",201.43,5.06,1.28939956471643,"Cyno","Dengue virus",4.7,1405
"NV259","Control",1,"RANTES","F",4176.53,9.09,1.27604391038273,"Cyno","Dengue virus",4.7,1405
"NV259","Control",1,"Eotaxin","F",155.42,2.64,0.571775439629166,"Cyno","Dengue virus",4.7,1405
"NV259","Control",1,"I.TAC","F",108.51,32.66,0.589856490541422,"Cyno","Dengue virus",4.7,1405
"NV259","Control",1,"TGFbeta","F",95.01,3.3,0.966432712847116,"Cyno","Dengue virus",4.7,1405
"NV259","Control",1,"GM.CSF","F",12.88,12.88,1,"Cyno","Dengue virus",4.7,1405
"NV259","Control",1,"IL.8","F",11.68,11.68,NA,"Cyno","Dengue virus",4.7,1405
"NV259","Control",1,"IFN.g","F",35.42,14.44,1.22306629834254,"Cyno","Dengue virus",4.7,1405
"NV259","Control",1,"IL.10","F",13.57,13.57,NA,"Cyno","Dengue virus",4.7,1405
"NV259","Control",1,"MDC","F",1605.32,286.83,0.911259330741067,"Cyno","Dengue virus",4.7,1405
"NV259","Control",1,"HGF","F",879.8,74.94,1.08147310453339,"Cyno","Dengue virus",4.7,1405
"NV259","Control",1,"TNF.alpha","F",14.2,14.2,1,"Cyno","Dengue virus",4.7,1405
"NV259","Control",1,"MIP.1B","F",65.18,32.55,1.01542296307836,"Cyno","Dengue virus",4.7,1405
"NV259","Control",1,"IL.6","F",7.71,7.71,NA,"Cyno","Dengue virus",4.7,1405
"NV259","Control",1,"VEGF","F",1.35,1.35,NA,"Cyno","Dengue virus",4.7,1405
"NV259","Control",1,"IL.12","F",2839.48,112.39,0.918815546358527,"Cyno","Dengue virus",4.7,1405
"NV259","Control",2,"EGF","F",136.56,3.41,1.17239010989011,"Cyno","Dengue virus",6.1,1909
"NV259","Control",2,"IL.17","F",30.96,30.96,NA,"Cyno","Dengue virus",6.1,1909
"NV259","Control",2,"MDC","F",1475.78,286.83,0.837725995515568,"Cyno","Dengue virus",6.1,1909
"NV259","Control",2,"MIP.1B","F",79.45,32.55,1.23773173391494,"Cyno","Dengue virus",6.1,1909
"NV259","Control",2,"HGF","F",705.73,74.94,0.867501720916511,"Cyno","Dengue virus",6.1,1909
"NV259","Control",2,"Eotaxin","F",124.63,2.64,0.458501949819734,"Cyno","Dengue virus",6.1,1909
"NV259","Control",2,"IL.1B","F",12.04,12.04,NA,"Cyno","Dengue virus",6.1,1909
"NV259","Control",2,"IL.6","F",7.71,7.71,NA,"Cyno","Dengue virus",6.1,1909
"NV259","Control",2,"G.CSF","F",123.42,113.59,1.05083014048531,"Cyno","Dengue virus",6.1,1909
"NV259","Control",2,"MIG","F",24.23,24.23,NA,"Cyno","Dengue virus",6.1,1909
"NV259","Control",2,"IL.2","F",43.77,43.77,1,"Cyno","Dengue virus",6.1,1909
"NV259","Control",2,"IL.8","F",11.68,11.68,NA,"Cyno","Dengue virus",6.1,1909
"NV259","Control",2,"GM.CSF","F",12.88,12.88,1,"Cyno","Dengue virus",6.1,1909
"NV259","Control",2,"IFN.g","F",40.42,14.44,1.3957182320442,"Cyno","Dengue virus",6.1,1909
"NV259","Control",2,"TGFbeta","F",80.99,3.3,0.82382260197335,"Cyno","Dengue virus",6.1,1909
"NV259","Control",2,"IL.10","F",13.57,13.57,NA,"Cyno","Dengue virus",6.1,1909
"NV259","Control",2,"VEGF","F",1.35,1.35,NA,"Cyno","Dengue virus",6.1,1909
"NV259","Control",2,"IL.RA","F",180.4,55.74,1,"Cyno","Dengue virus",6.1,1909
"NV259","Control",2,"IL.5","F",6.45,6.45,NA,"Cyno","Dengue virus",6.1,1909
"NV259","Control",2,"IL.12","F",2953.27,112.39,0.955636380109825,"Cyno","Dengue virus",6.1,1909
"NV259","Control",2,"RANTES","F",4098.24,9.09,1.25212417851349,"Cyno","Dengue virus",6.1,1909
"NV259","Control",2,"IL.15","F",75.45,75.45,1,"Cyno","Dengue virus",6.1,1909
"NV259","Control",2,"I.TAC","F",120.83,32.66,0.656827571211133,"Cyno","Dengue virus",6.1,1909
"NV259","Control",2,"MCP.1","F",439.92,20.12,0.788655635431419,"Cyno","Dengue virus",6.1,1909
"NV259","Control",2,"MIF","F",321.19,5.06,2.05601075406478,"Cyno","Dengue virus",6.1,1909
"NV259","Control",2,"IL.4","F",38.96,38.96,NA,"Cyno","Dengue virus",6.1,1909
"NV259","Control",2,"MIP.1a","F",87.48,28.54,3.06517168885774,"Cyno","Dengue virus",6.1,1909
"NV259","Control",2,"IP.10","F",4.38,4.38,1,"Cyno","Dengue virus",6.1,1909
"NV259","Control",2,"TNF.alpha","F",14.2,14.2,1,"Cyno","Dengue virus",6.1,1909
"NV259","Control",28,"IL.10","F",13.57,13.57,NA,"Cyno","Dengue virus",6.9,2066
"NV259","Control",28,"IL.17","F",30.96,30.96,NA,"Cyno","Dengue virus",6.9,2066
"NV259","Control",28,"EGF","F",115.16,3.41,0.988667582417582,"Cyno","Dengue virus",6.9,2066
"NV259","Control",28,"HGF","F",820.18,74.94,1.00818664568787,"Cyno","Dengue virus",6.9,2066
"NV259","Control",28,"Eotaxin","F",176.67,2.64,0.649952174232948,"Cyno","Dengue virus",6.9,2066
"NV259","Control",28,"IL.2","F",43.77,43.77,1,"Cyno","Dengue virus",6.9,2066
"NV259","Control",28,"GM.CSF","F",12.88,12.88,1,"Cyno","Dengue virus",6.9,2066
"NV259","Control",28,"MIG","F",24.23,24.23,NA,"Cyno","Dengue virus",6.9,2066
"NV259","Control",28,"MCP.1","F",479.46,20.12,0.859539986733834,"Cyno","Dengue virus",6.9,2066
"NV259","Control",28,"IL.4","F",38.96,38.96,NA,"Cyno","Dengue virus",6.9,2066
"NV259","Control",28,"RANTES","F",3049.02,9.09,0.93155883080815,"Cyno","Dengue virus",6.9,2066
"NV259","Control",28,"IL.8","F",11.68,11.68,NA,"Cyno","Dengue virus",6.9,2066
"NV259","Control",28,"MIP.1a","F",108.88,28.54,3.81499649614576,"Cyno","Dengue virus",6.9,2066
"NV259","Control",28,"IL.RA","F",185.97,55.74,1.03087583148559,"Cyno","Dengue virus",6.9,2066
"NV259","Control",28,"IFN.g","F",37.56,14.44,1.29696132596685,"Cyno","Dengue virus",6.9,2066
"NV259","Control",28,"MIF","F",135.72,5.06,0.868774804762514,"Cyno","Dengue virus",6.9,2066
"NV259","Control",28,"MIP.1B","F",97.85,32.55,1.52438074466428,"Cyno","Dengue virus",6.9,2066
"NV259","Control",28,"G.CSF","F",136.18,113.59,1.15947211579395,"Cyno","Dengue virus",6.9,2066
"NV259","Control",28,"TNF.alpha","F",14.2,14.2,1,"Cyno","Dengue virus",6.9,2066
"NV259","Control",28,"IL.12","F",2342.44,112.39,0.757980435999573,"Cyno","Dengue virus",6.9,2066
"NV259","Control",28,"IL.5","F",6.45,6.45,NA,"Cyno","Dengue virus",6.9,2066
"NV259","Control",28,"MDC","F",1723.1,286.83,0.978117106122101,"Cyno","Dengue virus",6.9,2066
"NV259","Control",28,"I.TAC","F",152,32.66,0.826266579691237,"Cyno","Dengue virus",6.9,2066
"NV259","Control",28,"IL.15","F",75.45,75.45,1,"Cyno","Dengue virus",6.9,2066
"NV259","Control",28,"IL.6","F",7.71,7.71,NA,"Cyno","Dengue virus",6.9,2066
"NV259","Control",28,"VEGF","F",1.35,1.35,NA,"Cyno","Dengue virus",6.9,2066
"NV259","Control",28,"TGFbeta","F",95.01,3.3,0.966432712847116,"Cyno","Dengue virus",6.9,2066
"NV259","Control",28,"IL.1B","F",12.04,12.04,NA,"Cyno","Dengue virus",6.9,2066
"NV259","Control",28,"IP.10","F",4.38,4.38,1,"Cyno","Dengue virus",6.9,2066
"NV259","Control",3,"IL.1B","F",12.04,12.04,NA,"Cyno","Dengue virus",6,1786
"NV259","Control",3,"G.CSF","F",135.21,113.59,1.15121328224776,"Cyno","Dengue virus",6,1786
"NV259","Control",3,"IL.6","F",7.71,7.71,NA,"Cyno","Dengue virus",6,1786
"NV259","Control",3,"IL.10","F",13.57,13.57,NA,"Cyno","Dengue virus",6,1786
"NV259","Control",3,"MDC","F",1392.48,286.83,0.790440779950614,"Cyno","Dengue virus",6,1786
"NV259","Control",3,"IL.17","F",30.96,30.96,NA,"Cyno","Dengue virus",6,1786
"NV259","Control",3,"RANTES","F",4260.48,9.09,1.30169292673761,"Cyno","Dengue virus",6,1786
"NV259","Control",3,"TNF.alpha","F",14.2,14.2,1,"Cyno","Dengue virus",6,1786
"NV259","Control",3,"IFN.g","F",27.52,14.44,0.950276243093923,"Cyno","Dengue virus",6,1786
"NV259","Control",3,"Eotaxin","F",149.41,2.64,0.549665219630638,"Cyno","Dengue virus",6,1786
"NV259","Control",3,"GM.CSF","F",12.88,12.88,1,"Cyno","Dengue virus",6,1786
"NV259","Control",3,"EGF","F",131.73,3.41,1.13092376373626,"Cyno","Dengue virus",6,1786
"NV259","Control",3,"MIP.1a","F",111.63,28.54,3.91135248773651,"Cyno","Dengue virus",6,1786
"NV259","Control",3,"IL.12","F",2486.54,112.39,0.804609156832353,"Cyno","Dengue virus",6,1786
"NV259","Control",3,"HGF","F",906.11,74.94,1.11381404267873,"Cyno","Dengue virus",6,1786
"NV259","Control",3,"IL.5","F",6.45,6.45,NA,"Cyno","Dengue virus",6,1786
"NV259","Control",3,"IL.15","F",75.45,75.45,1,"Cyno","Dengue virus",6,1786
"NV259","Control",3,"I.TAC","F",138.81,32.66,0.754566210045662,"Cyno","Dengue virus",6,1786
"NV259","Control",3,"VEGF","F",1.35,1.35,NA,"Cyno","Dengue virus",6,1786
"NV259","Control",3,"IP.10","F",4.38,4.38,1,"Cyno","Dengue virus",6,1786
"NV259","Control",3,"IL.4","F",38.96,38.96,NA,"Cyno","Dengue virus",6,1786
"NV259","Control",3,"TGFbeta","F",98.31,3.3,1,"Cyno","Dengue virus",6,1786
"NV259","Control",3,"MCP.1","F",470.99,20.12,0.844355604955092,"Cyno","Dengue virus",6,1786
"NV259","Control",3,"IL.8","F",11.68,11.68,NA,"Cyno","Dengue virus",6,1786
"NV259","Control",3,"IL.RA","F",180.4,55.74,1,"Cyno","Dengue virus",6,1786
"NV259","Control",3,"MIP.1B","F",76.55,32.55,1.19255335722075,"Cyno","Dengue virus",6,1786
"NV259","Control",3,"MIF","F",240.22,5.06,1.53770323902189,"Cyno","Dengue virus",6,1786
"NV259","Control",3,"IL.2","F",43.77,43.77,1,"Cyno","Dengue virus",6,1786
"NV259","Control",3,"MIG","F",24.23,24.23,NA,"Cyno","Dengue virus",6,1786
"NV259","Control",4,"TGFbeta","F",101.99,3.3,1.03743261112806,"Cyno","Dengue virus",4.5,1341
"NV259","Control",4,"HGF","F",925.76,74.94,1.1379683351362,"Cyno","Dengue virus",4.5,1341
"NV259","Control",4,"IL.RA","F",175.9,55.74,0.975055432372506,"Cyno","Dengue virus",4.5,1341
"NV259","Control",4,"MIF","F",286.31,5.06,1.83273588528998,"Cyno","Dengue virus",4.5,1341
"NV259","Control",4,"IL.2","F",43.77,43.77,1,"Cyno","Dengue virus",4.5,1341
"NV259","Control",4,"G.CSF","F",157.32,113.59,1.33946360153257,"Cyno","Dengue virus",4.5,1341
"NV259","Control",4,"MIG","F",24.23,24.23,NA,"Cyno","Dengue virus",4.5,1341
"NV259","Control",4,"GM.CSF","F",12.88,12.88,1,"Cyno","Dengue virus",4.5,1341
"NV259","Control",4,"MIP.1B","F",85.84,32.55,1.337279950148,"Cyno","Dengue virus",4.5,1341
"NV259","Control",4,"IL.8","F",11.68,11.68,NA,"Cyno","Dengue virus",4.5,1341
"NV259","Control",4,"EGF","F",153.11,3.41,1.31447458791209,"Cyno","Dengue virus",4.5,1341
"NV259","Control",4,"MDC","F",1605.32,286.83,0.911259330741067,"Cyno","Dengue virus",4.5,1341
"NV259","Control",4,"IL.15","F",75.45,75.45,1,"Cyno","Dengue virus",4.5,1341
"NV259","Control",4,"RANTES","F",5086.76,9.09,1.55414401945598,"Cyno","Dengue virus",4.5,1341
"NV259","Control",4,"IL.1B","F",12.04,12.04,NA,"Cyno","Dengue virus",4.5,1341
"NV259","Control",4,"Eotaxin","F",118.92,2.64,0.437495401368553,"Cyno","Dengue virus",4.5,1341
"NV259","Control",4,"I.TAC","F",131.3,32.66,0.713742117851707,"Cyno","Dengue virus",4.5,1341
"NV259","Control",4,"MIP.1a","F",180.1,28.54,6.3104414856342,"Cyno","Dengue virus",4.5,1341
"NV259","Control",4,"MCP.1","F",497.88,20.12,0.892561983471074,"Cyno","Dengue virus",4.5,1341
"NV259","Control",4,"IL.6","F",7.71,7.71,NA,"Cyno","Dengue virus",4.5,1341
"NV259","Control",4,"IFN.g","F",28.96,14.44,1,"Cyno","Dengue virus",4.5,1341
"NV259","Control",4,"TNF.alpha","F",14.2,14.2,1,"Cyno","Dengue virus",4.5,1341
"NV259","Control",4,"IL.17","F",30.96,30.96,NA,"Cyno","Dengue virus",4.5,1341
"NV259","Control",4,"IL.4","F",38.96,38.96,NA,"Cyno","Dengue virus",4.5,1341
"NV259","Control",4,"IL.10","F",13.57,13.57,NA,"Cyno","Dengue virus",4.5,1341
"NV259","Control",4,"IL.12","F",2653.89,112.39,0.858761248653074,"Cyno","Dengue virus",4.5,1341
"NV259","Control",4,"IP.10","F",4.38,4.38,1,"Cyno","Dengue virus",4.5,1341
"NV259","Control",4,"VEGF","F",1.35,1.35,NA,"Cyno","Dengue virus",4.5,1341
"NV259","Control",4,"IL.5","F",6.45,6.45,NA,"Cyno","Dengue virus",4.5,1341
"NV259","Control",5,"EGF","F",57.69,3.41,0.495278159340659,"Cyno","Dengue virus",3.4,1025
"NV259","Control",5,"MDC","F",618.61,286.83,0.351153747906792,"Cyno","Dengue virus",3.4,1025
"NV259","Control",5,"IL.10","F",13.57,13.57,NA,"Cyno","Dengue virus",3.4,1025
"NV259","Control",5,"HGF","F",216.4,74.94,0.266004523551972,"Cyno","Dengue virus",3.4,1025
"NV259","Control",5,"Eotaxin","F",105.45,2.64,0.38794054889265,"Cyno","Dengue virus",3.4,1025
"NV259","Control",5,"IL.1B","F",12.04,12.04,NA,"Cyno","Dengue virus",3.4,1025
"NV259","Control",5,"IP.10","F",4.38,4.38,1,"Cyno","Dengue virus",3.4,1025
"NV259","Control",5,"I.TAC","F",74.29,32.66,0.403837790824092,"Cyno","Dengue virus",3.4,1025
"NV259","Control",5,"IL.12","F",2173.47,112.39,0.703304135103564,"Cyno","Dengue virus",3.4,1025
"NV259","Control",5,"G.CSF","F",113.59,113.59,0.967134951042997,"Cyno","Dengue virus",3.4,1025
"NV259","Control",5,"IL.2","F",43.77,43.77,1,"Cyno","Dengue virus",3.4,1025
"NV259","Control",5,"IFN.g","F",14.44,14.44,0.498618784530387,"Cyno","Dengue virus",3.4,1025
"NV259","Control",5,"GM.CSF","F",12.88,12.88,1,"Cyno","Dengue virus",3.4,1025
"NV259","Control",5,"IL.8","F",11.68,11.68,NA,"Cyno","Dengue virus",3.4,1025
"NV259","Control",5,"IL.4","F",38.96,38.96,NA,"Cyno","Dengue virus",3.4,1025
"NV259","Control",5,"MIF","F",54.89,5.06,0.351363461784663,"Cyno","Dengue virus",3.4,1025
"NV259","Control",5,"IL.RA","F",189.29,55.74,1.04927937915743,"Cyno","Dengue virus",3.4,1025
"NV259","Control",5,"TNF.alpha","F",14.2,14.2,1,"Cyno","Dengue virus",3.4,1025
"NV259","Control",5,"MIP.1B","F",35.8,32.55,0.557719270914473,"Cyno","Dengue virus",3.4,1025
"NV259","Control",5,"IL.6","F",7.71,7.71,NA,"Cyno","Dengue virus",3.4,1025
"NV259","Control",5,"VEGF","F",1.35,1.35,NA,"Cyno","Dengue virus",3.4,1025
"NV259","Control",5,"RANTES","F",1585.2,9.09,0.484321866893979,"Cyno","Dengue virus",3.4,1025
"NV259","Control",5,"MIP.1a","F",173.2,28.54,6.06867554309741,"Cyno","Dengue virus",3.4,1025
"NV259","Control",5,"IL.17","F",30.96,30.96,NA,"Cyno","Dengue virus",3.4,1025
"NV259","Control",5,"MIG","F",24.23,24.23,NA,"Cyno","Dengue virus",3.4,1025
"NV259","Control",5,"TGFbeta","F",40.17,3.3,0.408605431797376,"Cyno","Dengue virus",3.4,1025
"NV259","Control",5,"IL.5","F",6.45,6.45,NA,"Cyno","Dengue virus",3.4,1025
"NV259","Control",5,"IL.15","F",75.45,75.45,1,"Cyno","Dengue virus",3.4,1025
"NV259","Control",5,"MCP.1","F",270.32,20.12,0.484609454832291,"Cyno","Dengue virus",3.4,1025
"NV259","Control",6,"HGF","F",892.97,74.94,1.09766201199725,"Cyno","Dengue virus",3.7,1102
"NV259","Control",6,"IL.12","F",2572.7,112.39,0.832489313577339,"Cyno","Dengue virus",3.7,1102
"NV259","Control",6,"EGF","F",155.37,3.41,1.33387706043956,"Cyno","Dengue virus",3.7,1102
"NV259","Control",6,"IL.2","F",320.58,43.77,7.32419465387251,"Cyno","Dengue virus",3.7,1102
"NV259","Control",6,"IL.1B","F",12.04,12.04,NA,"Cyno","Dengue virus",3.7,1102
"NV259","Control",6,"MIF","F",209.86,5.06,1.34336192548969,"Cyno","Dengue virus",3.7,1102
"NV259","Control",6,"IL.RA","F",269.02,55.74,1.49124168514412,"Cyno","Dengue virus",3.7,1102
"NV259","Control",6,"GM.CSF","F",18.68,12.88,1.45031055900621,"Cyno","Dengue virus",3.7,1102
"NV259","Control",6,"IL.6","F",7.71,7.71,NA,"Cyno","Dengue virus",3.7,1102
"NV259","Control",6,"IL.8","F",11.68,11.68,NA,"Cyno","Dengue virus",3.7,1102
"NV259","Control",6,"IL.4","F",38.96,38.96,NA,"Cyno","Dengue virus",3.7,1102
"NV259","Control",6,"I.TAC","F",137.37,32.66,0.746738421395956,"Cyno","Dengue virus",3.7,1102
"NV259","Control",6,"TGFbeta","F",112.98,3.3,1.14922184925236,"Cyno","Dengue virus",3.7,1102
"NV259","Control",6,"TNF.alpha","F",15.45,14.2,1.08802816901408,"Cyno","Dengue virus",3.7,1102
"NV259","Control",6,"IL.15","F",107.91,75.45,1.43021868787276,"Cyno","Dengue virus",3.7,1102
"NV259","Control",6,"MCP.1","F",648.1,20.12,1.16186515121636,"Cyno","Dengue virus",3.7,1102
"NV259","Control",6,"G.CSF","F",174.25,113.59,1.48361004682844,"Cyno","Dengue virus",3.7,1102
"NV259","Control",6,"IL.5","F",6.45,6.45,NA,"Cyno","Dengue virus",3.7,1102
"NV259","Control",6,"IL.17","F",30.96,30.96,NA,"Cyno","Dengue virus",3.7,1102
"NV259","Control",6,"MDC","F",1684.2,286.83,0.95603553486788,"Cyno","Dengue virus",3.7,1102
"NV259","Control",6,"IFN.g","F",82.06,14.44,2.8335635359116,"Cyno","Dengue virus",3.7,1102
"NV259","Control",6,"RANTES","F",3296.94,9.09,1.00730515760625,"Cyno","Dengue virus",3.7,1102
"NV259","Control",6,"Eotaxin","F",198.75,2.64,0.731182400117725,"Cyno","Dengue virus",3.7,1102
"NV259","Control",6,"MIG","F",24.23,24.23,NA,"Cyno","Dengue virus",3.7,1102
"NV259","Control",6,"IP.10","F",4.85,4.38,1.10730593607306,"Cyno","Dengue virus",3.7,1102
"NV259","Control",6,"VEGF","F",1.35,1.35,NA,"Cyno","Dengue virus",3.7,1102
"NV259","Control",6,"MIP.1a","F",229.16,28.54,8.02943237561317,"Cyno","Dengue virus",3.7,1102
"NV259","Control",6,"IL.10","F",13.57,13.57,NA,"Cyno","Dengue virus",3.7,1102
"NV259","Control",6,"MIP.1B","F",115.87,32.55,1.80510983019162,"Cyno","Dengue virus",3.7,1102
"NV259","Control",7,"EGF","F",59.24,3.41,0.508585164835165,"Cyno","Dengue virus",3.9,1186
"NV259","Control",7,"IL.17","F",30.96,30.96,NA,"Cyno","Dengue virus",3.9,1186
"NV259","Control",7,"IL.4","F",38.96,38.96,NA,"Cyno","Dengue virus",3.9,1186
"NV259","Control",7,"HGF","F",478.03,74.94,0.587606942668896,"Cyno","Dengue virus",3.9,1186
"NV259","Control",7,"MIF","F",70.2,5.06,0.449366278325439,"Cyno","Dengue virus",3.9,1186
"NV259","Control",7,"Eotaxin","F",154.19,2.64,0.567250386285042,"Cyno","Dengue virus",3.9,1186
"NV259","Control",7,"IL.1B","F",12.04,12.04,NA,"Cyno","Dengue virus",3.9,1186
"NV259","Control",7,"RANTES","F",4294.09,9.09,1.31196169909839,"Cyno","Dengue virus",3.9,1186
"NV259","Control",7,"I.TAC","F",97.63,32.66,0.530713198521418,"Cyno","Dengue virus",3.9,1186
"NV259","Control",7,"G.CSF","F",113.59,113.59,0.967134951042997,"Cyno","Dengue virus",3.9,1186
"NV259","Control",7,"MIG","F",24.23,24.23,NA,"Cyno","Dengue virus",3.9,1186
"NV259","Control",7,"IFN.g","F",14.44,14.44,0.498618784530387,"Cyno","Dengue virus",3.9,1186
"NV259","Control",7,"GM.CSF","F",12.88,12.88,1,"Cyno","Dengue virus",3.9,1186
"NV259","Control",7,"TGFbeta","F",77.32,3.3,0.786491709897264,"Cyno","Dengue virus",3.9,1186
"NV259","Control",7,"IL.8","F",11.68,11.68,NA,"Cyno","Dengue virus",3.9,1186
"NV259","Control",7,"IL.15","F",673.86,75.45,8.93121272365805,"Cyno","Dengue virus",3.9,1186
"NV259","Control",7,"IL.RA","F",161.12,55.74,0.893126385809313,"Cyno","Dengue virus",3.9,1186
"NV259","Control",7,"IL.10","F",13.57,13.57,NA,"Cyno","Dengue virus",3.9,1186
"NV259","Control",7,"MIP.1B","F",74.93,32.55,1.16731578127434,"Cyno","Dengue virus",3.9,1186
"NV259","Control",7,"MDC","F",1444.04,286.83,0.819708795731275,"Cyno","Dengue virus",3.9,1186
"NV259","Control",7,"IL.12","F",1754.21,112.39,0.567637532075447,"Cyno","Dengue virus",3.9,1186
"NV259","Control",7,"IP.10","F",4.38,4.38,1,"Cyno","Dengue virus",3.9,1186
"NV259","Control",7,"VEGF","F",1.35,1.35,NA,"Cyno","Dengue virus",3.9,1186
"NV259","Control",7,"IL.6","F",7.71,7.71,NA,"Cyno","Dengue virus",3.9,1186
"NV259","Control",7,"MCP.1","F",304.84,20.12,0.546494326024991,"Cyno","Dengue virus",3.9,1186
"NV259","Control",7,"MIP.1a","F",161.95,28.54,5.67449194113525,"Cyno","Dengue virus",3.9,1186
"NV259","Control",7,"TNF.alpha","F",14.2,14.2,1,"Cyno","Dengue virus",3.9,1186
"NV259","Control",7,"IL.2","F",43.77,43.77,1,"Cyno","Dengue virus",3.9,1186
"NV259","Control",7,"IL.5","F",6.45,6.45,NA,"Cyno","Dengue virus",3.9,1186
"NV289","Control",-7,"EGF","M",74.83,3.41,1,"Cyno","Dengue virus",NA,NA
"NV289","Control",-7,"MDC","M",1062.19,286.83,1,"Cyno","Dengue virus",NA,NA
"NV289","Control",-7,"Eotaxin","M",238.07,2.64,1,"Cyno","Dengue virus",NA,NA
"NV289","Control",-7,"IL.10","M",13.57,13.57,NA,"Cyno","Dengue virus",NA,NA
"NV289","Control",-7,"MIF","M",114.24,5.06,1,"Cyno","Dengue virus",NA,NA
"NV289","Control",-7,"IL.1B","M",12.04,12.04,NA,"Cyno","Dengue virus",NA,NA
"NV289","Control",-7,"IL.15","M",75.45,75.45,NA,"Cyno","Dengue virus",NA,NA
"NV289","Control",-7,"I.TAC","M",130.27,32.66,1,"Cyno","Dengue virus",NA,NA
"NV289","Control",-7,"G.CSF","M",113.59,113.59,NA,"Cyno","Dengue virus",NA,NA
"NV289","Control",-7,"IL.2","M",43.77,43.77,1,"Cyno","Dengue virus",NA,NA
"NV289","Control",-7,"IL.8","M",17.91,11.68,1,"Cyno","Dengue virus",NA,NA
"NV289","Control",-7,"MCP.1","M",1337.16,20.12,1,"Cyno","Dengue virus",NA,NA
"NV289","Control",-7,"IL.4","M",38.96,38.96,NA,"Cyno","Dengue virus",NA,NA
"NV289","Control",-7,"GM.CSF","M",16.13,12.88,1,"Cyno","Dengue virus",NA,NA
"NV289","Control",-7,"MIP.1B","M",390.42,32.55,1,"Cyno","Dengue virus",NA,NA
"NV289","Control",-7,"VEGF","M",1.35,1.35,NA,"Cyno","Dengue virus",NA,NA
"NV289","Control",-7,"IL.12","M",1208.31,112.39,1,"Cyno","Dengue virus",NA,NA
"NV289","Control",-7,"HGF","M",522.99,74.94,1,"Cyno","Dengue virus",NA,NA
"NV289","Control",-7,"RANTES","M",3492.46,9.09,1,"Cyno","Dengue virus",NA,NA
"NV289","Control",-7,"MIG","M",24.23,24.23,NA,"Cyno","Dengue virus",NA,NA
"NV289","Control",-7,"TNF.alpha","M",17.06,14.2,1,"Cyno","Dengue virus",NA,NA
"NV289","Control",-7,"IL.6","M",8.56,7.71,1,"Cyno","Dengue virus",NA,NA
"NV289","Control",-7,"TGFbeta","M",74.51,3.3,1,"Cyno","Dengue virus",NA,NA
"NV289","Control",-7,"IL.17","M",30.96,30.96,NA,"Cyno","Dengue virus",NA,NA
"NV289","Control",-7,"IFN.g","M",204.87,14.44,1,"Cyno","Dengue virus",NA,NA
"NV289","Control",-7,"IL.RA","M",191.87,55.74,1,"Cyno","Dengue virus",NA,NA
"NV289","Control",-7,"IL.5","M",6.45,6.45,NA,"Cyno","Dengue virus",NA,NA
"NV289","Control",-7,"IP.10","M",8.76,4.38,1,"Cyno","Dengue virus",NA,NA
"NV289","Control",-7,"MIP.1a","M",44.51,28.54,1,"Cyno","Dengue virus",NA,NA
"NV289","Control",1,"EGF","M",108.64,3.41,1.45182413470533,"Cyno","Dengue virus",4,1186
"NV289","Control",1,"IL.17","M",30.96,30.96,NA,"Cyno","Dengue virus",4,1186
"NV289","Control",1,"IL.RA","M",210.52,55.74,1.09720122999948,"Cyno","Dengue virus",4,1186
"NV289","Control",1,"TNF.alpha","M",16.46,14.2,0.964830011723329,"Cyno","Dengue virus",4,1186
"NV289","Control",1,"IL.5","M",6.45,6.45,NA,"Cyno","Dengue virus",4,1186
"NV289","Control",1,"MIF","M",189.8,5.06,1.66141456582633,"Cyno","Dengue virus",4,1186
"NV289","Control",1,"Eotaxin","M",219.46,2.64,0.921829713949679,"Cyno","Dengue virus",4,1186
"NV289","Control",1,"IP.10","M",7.73,4.38,0.882420091324201,"Cyno","Dengue virus",4,1186
"NV289","Control",1,"I.TAC","M",95.32,32.66,0.731711061641207,"Cyno","Dengue virus",4,1186
"NV289","Control",1,"IL.2","M",94.58,43.77,2.1608407585104,"Cyno","Dengue virus",4,1186
"NV289","Control",1,"RANTES","M",3103.75,9.09,0.888700228492238,"Cyno","Dengue virus",4,1186
"NV289","Control",1,"G.CSF","M",113.59,113.59,NA,"Cyno","Dengue virus",4,1186
"NV289","Control",1,"IFN.g","M",183.71,14.44,0.896714989993655,"Cyno","Dengue virus",4,1186
"NV289","Control",1,"GM.CSF","M",19.59,12.88,1.21450712957223,"Cyno","Dengue virus",4,1186
"NV289","Control",1,"IL.4","M",38.96,38.96,NA,"Cyno","Dengue virus",4,1186
"NV289","Control",1,"MDC","M",884.81,286.83,0.833005394515105,"Cyno","Dengue virus",4,1186
"NV289","Control",1,"IL.1B","M",12.04,12.04,NA,"Cyno","Dengue virus",4,1186
"NV289","Control",1,"VEGF","M",1.35,1.35,NA,"Cyno","Dengue virus",4,1186
"NV289","Control",1,"HGF","M",651.72,74.94,1.24614237365915,"Cyno","Dengue virus",4,1186
"NV289","Control",1,"IL.12","M",1150.61,112.39,0.952247353742003,"Cyno","Dengue virus",4,1186
"NV289","Control",1,"IL.8","M",12.43,11.68,0.694025683975433,"Cyno","Dengue virus",4,1186
"NV289","Control",1,"MCP.1","M",1362.8,20.12,1.01917496784229,"Cyno","Dengue virus",4,1186
"NV289","Control",1,"IL.6","M",10.97,7.71,1.28154205607477,"Cyno","Dengue virus",4,1186
"NV289","Control",1,"IL.15","M",75.45,75.45,NA,"Cyno","Dengue virus",4,1186
"NV289","Control",1,"MIP.1a","M",39.18,28.54,0.88025162884745,"Cyno","Dengue virus",4,1186
"NV289","Control",1,"TGFbeta","M",72.89,3.3,0.978257951952758,"Cyno","Dengue virus",4,1186
"NV289","Control",1,"IL.10","M",13.57,13.57,NA,"Cyno","Dengue virus",4,1186
"NV289","Control",1,"MIG","M",24.23,24.23,NA,"Cyno","Dengue virus",4,1186
"NV289","Control",1,"MIP.1B","M",440.42,32.55,1.12806720967164,"Cyno","Dengue virus",4,1186
"NV289","Control",2,"Eotaxin","M",164.58,2.64,0.691309278783551,"Cyno","Dengue virus",7.3,2307
"NV289","Control",2,"RANTES","M",3269.96,9.09,0.936291324739582,"Cyno","Dengue virus",7.3,2307
"NV289","Control",2,"IL.17","M",30.96,30.96,NA,"Cyno","Dengue virus",7.3,2307
"NV289","Control",2,"IL.2","M",56.18,43.77,1.28352753027188,"Cyno","Dengue virus",7.3,2307
"NV289","Control",2,"EGF","M",109.59,3.41,1.46451957770947,"Cyno","Dengue virus",7.3,2307
"NV289","Control",2,"IL.RA","M",150.27,55.74,0.783186532548079,"Cyno","Dengue virus",7.3,2307
"NV289","Control",2,"IP.10","M",9.82,4.38,1.12100456621005,"Cyno","Dengue virus",7.3,2307
"NV289","Control",2,"TGFbeta","M",72.89,3.3,0.978257951952758,"Cyno","Dengue virus",7.3,2307
"NV289","Control",2,"IL.5","M",6.45,6.45,NA,"Cyno","Dengue virus",7.3,2307
"NV289","Control",2,"MCP.1","M",1480.49,20.12,1.1071898650872,"Cyno","Dengue virus",7.3,2307
"NV289","Control",2,"IFN.g","M",204.03,14.44,0.995899838922243,"Cyno","Dengue virus",7.3,2307
"NV289","Control",2,"TNF.alpha","M",16.39,14.2,0.960726846424385,"Cyno","Dengue virus",7.3,2307
"NV289","Control",2,"HGF","M",637.6,74.94,1.21914376947934,"Cyno","Dengue virus",7.3,2307
"NV289","Control",2,"IL.8","M",16.31,11.68,0.910664433277499,"Cyno","Dengue virus",7.3,2307
"NV289","Control",2,"MDC","M",846.94,286.83,0.797352639358307,"Cyno","Dengue virus",7.3,2307
"NV289","Control",2,"I.TAC","M",106.41,32.66,0.816841943655485,"Cyno","Dengue virus",7.3,2307
"NV289","Control",2,"IL.12","M",1167.91,112.39,0.966564871597521,"Cyno","Dengue virus",7.3,2307
"NV289","Control",2,"MIF","M",195.02,5.06,1.70710784313726,"Cyno","Dengue virus",7.3,2307
"NV289","Control",2,"IL.15","M",75.45,75.45,NA,"Cyno","Dengue virus",7.3,2307
"NV289","Control",2,"IL.6","M",7.9,7.71,0.922897196261682,"Cyno","Dengue virus",7.3,2307
"NV289","Control",2,"G.CSF","M",113.59,113.59,NA,"Cyno","Dengue virus",7.3,2307
"NV289","Control",2,"MIP.1a","M",55.21,28.54,1.24039541676028,"Cyno","Dengue virus",7.3,2307
"NV289","Control",2,"IL.4","M",38.96,38.96,NA,"Cyno","Dengue virus",7.3,2307
"NV289","Control",2,"MIP.1B","M",390.08,32.55,0.999129142974233,"Cyno","Dengue virus",7.3,2307
"NV289","Control",2,"VEGF","M",1.35,1.35,NA,"Cyno","Dengue virus",7.3,2307
"NV289","Control",2,"IL.1B","M",12.04,12.04,NA,"Cyno","Dengue virus",7.3,2307
"NV289","Control",2,"IL.10","M",13.57,13.57,NA,"Cyno","Dengue virus",7.3,2307
"NV289","Control",2,"MIG","M",24.23,24.23,NA,"Cyno","Dengue virus",7.3,2307
"NV289","Control",2,"GM.CSF","M",21.61,12.88,1.33973961562306,"Cyno","Dengue virus",7.3,2307
"NV289","Control",28,"G.CSF","M",113.59,113.59,NA,"Cyno","Dengue virus",10.8,3229
"NV289","Control",28,"EGF","M",75.01,3.41,1.00240545235868,"Cyno","Dengue virus",10.8,3229
"NV289","Control",28,"GM.CSF","M",18.22,12.88,1.12957222566646,"Cyno","Dengue virus",10.8,3229
"NV289","Control",28,"IL.2","M",43.77,43.77,1,"Cyno","Dengue virus",10.8,3229
"NV289","Control",28,"IL.15","M",75.45,75.45,NA,"Cyno","Dengue virus",10.8,3229
"NV289","Control",28,"Eotaxin","M",138.49,2.64,0.581719662284202,"Cyno","Dengue virus",10.8,3229
"NV289","Control",28,"IL.5","M",6.45,6.45,NA,"Cyno","Dengue virus",10.8,3229
"NV289","Control",28,"IL.4","M",38.96,38.96,NA,"Cyno","Dengue virus",10.8,3229
"NV289","Control",28,"IL.17","M",30.96,30.96,NA,"Cyno","Dengue virus",10.8,3229
"NV289","Control",28,"IFN.g","M",106.1,14.44,0.517889393273783,"Cyno","Dengue virus",10.8,3229
"NV289","Control",28,"I.TAC","M",89.17,32.66,0.684501420127428,"Cyno","Dengue virus",10.8,3229
"NV289","Control",28,"HGF","M",573.51,74.94,1.09659840532324,"Cyno","Dengue virus",10.8,3229
"NV289","Control",28,"IL.1B","M",12.04,12.04,NA,"Cyno","Dengue virus",10.8,3229
"NV289","Control",28,"MIF","M",148.28,5.06,1.29796918767507,"Cyno","Dengue virus",10.8,3229
"NV289","Control",28,"IL.10","M",13.57,13.57,NA,"Cyno","Dengue virus",10.8,3229
"NV289","Control",28,"IL.6","M",9.4,7.71,1.0981308411215,"Cyno","Dengue virus",10.8,3229
"NV289","Control",28,"RANTES","M",2507.38,9.09,0.717940935615583,"Cyno","Dengue virus",10.8,3229
"NV289","Control",28,"MIG","M",24.23,24.23,NA,"Cyno","Dengue virus",10.8,3229
"NV289","Control",28,"MCP.1","M",1083.17,20.12,0.810052648897664,"Cyno","Dengue virus",10.8,3229
"NV289","Control",28,"IL.8","M",15.3,11.68,0.85427135678392,"Cyno","Dengue virus",10.8,3229
"NV289","Control",28,"TGFbeta","M",55.69,3.3,0.747416454167226,"Cyno","Dengue virus",10.8,3229
"NV289","Control",28,"MIP.1a","M",36.4,28.54,0.817793754212537,"Cyno","Dengue virus",10.8,3229
"NV289","Control",28,"MDC","M",854.54,286.83,0.80450766811964,"Cyno","Dengue virus",10.8,3229
"NV289","Control",28,"IL.RA","M",133.55,55.74,0.696044196591442,"Cyno","Dengue virus",10.8,3229
"NV289","Control",28,"TNF.alpha","M",15.78,14.2,0.924970691676436,"Cyno","Dengue virus",10.8,3229
"NV289","Control",28,"MIP.1B","M",289,32.55,0.740228471902054,"Cyno","Dengue virus",10.8,3229
"NV289","Control",28,"IL.12","M",966.38,112.39,0.799778202613568,"Cyno","Dengue virus",10.8,3229
"NV289","Control",28,"IP.10","M",9.21,4.38,1.0513698630137,"Cyno","Dengue virus",10.8,3229
"NV289","Control",28,"VEGF","M",1.35,1.35,NA,"Cyno","Dengue virus",10.8,3229
"NV289","Control",3,"EGF","M",91.33,3.41,1.22049979954564,"Cyno","Dengue virus",7.6,2322
"NV289","Control",3,"IL.17","M",30.96,30.96,NA,"Cyno","Dengue virus",7.6,2322
"NV289","Control",3,"TNF.alpha","M",16.19,14.2,0.949003516998828,"Cyno","Dengue virus",7.6,2322
"NV289","Control",3,"HGF","M",351.72,74.94,0.672517638960592,"Cyno","Dengue virus",7.6,2322
"NV289","Control",3,"Eotaxin","M",150.36,2.64,0.631578947368421,"Cyno","Dengue virus",7.6,2322
"NV289","Control",3,"MIP.1B","M",377.51,32.55,0.966933046462784,"Cyno","Dengue virus",7.6,2322
"NV289","Control",3,"IP.10","M",9.14,4.38,1.04337899543379,"Cyno","Dengue virus",7.6,2322
"NV289","Control",3,"IL.1B","M",12.04,12.04,NA,"Cyno","Dengue virus",7.6,2322
"NV289","Control",3,"IL.12","M",1139.08,112.39,0.942705100512286,"Cyno","Dengue virus",7.6,2322
"NV289","Control",3,"IL.2","M",250.78,43.77,5.72949508795979,"Cyno","Dengue virus",7.6,2322
"NV289","Control",3,"G.CSF","M",113.59,113.59,NA,"Cyno","Dengue virus",7.6,2322
"NV289","Control",3,"IL.15","M",75.45,75.45,NA,"Cyno","Dengue virus",7.6,2322
"NV289","Control",3,"GM.CSF","M",20.85,12.88,1.29262244265344,"Cyno","Dengue virus",7.6,2322
"NV289","Control",3,"IL.8","M",15.56,11.68,0.868788386376326,"Cyno","Dengue virus",7.6,2322
"NV289","Control",3,"TGFbeta","M",59.1,3.3,0.793182123204939,"Cyno","Dengue virus",7.6,2322
"NV289","Control",3,"MDC","M",801.01,286.83,0.754111787909884,"Cyno","Dengue virus",7.6,2322
"NV289","Control",3,"IL.RA","M",189.15,55.74,0.985823734820451,"Cyno","Dengue virus",7.6,2322
"NV289","Control",3,"IL.10","M",13.57,13.57,NA,"Cyno","Dengue virus",7.6,2322
"NV289","Control",3,"MIF","M",161.47,5.06,1.41342787114846,"Cyno","Dengue virus",7.6,2322
"NV289","Control",3,"IL.6","M",9.06,7.71,1.05841121495327,"Cyno","Dengue virus",7.6,2322
"NV289","Control",3,"I.TAC","M",109.84,32.66,0.843171873800568,"Cyno","Dengue virus",7.6,2322
"NV289","Control",3,"IFN.g","M",151.25,14.44,0.738273051203202,"Cyno","Dengue virus",7.6,2322
"NV289","Control",3,"RANTES","M",2439.64,9.09,0.69854486522394,"Cyno","Dengue virus",7.6,2322
"NV289","Control",3,"MIP.1a","M",51.21,28.54,1.15052797124242,"Cyno","Dengue virus",7.6,2322
"NV289","Control",3,"MIG","M",24.23,24.23,NA,"Cyno","Dengue virus",7.6,2322
"NV289","Control",3,"VEGF","M",1.35,1.35,NA,"Cyno","Dengue virus",7.6,2322
"NV289","Control",3,"IL.4","M",38.96,38.96,NA,"Cyno","Dengue virus",7.6,2322
"NV289","Control",3,"IL.5","M",6.45,6.45,NA,"Cyno","Dengue virus",7.6,2322
"NV289","Control",3,"MCP.1","M",1309.92,20.12,0.979628466301714,"Cyno","Dengue virus",7.6,2322
"NV289","Control",4,"IFN.g","M",260.12,14.44,1.2696832137453,"Cyno","Dengue virus",7.3,2196
"NV289","Control",4,"IL.4","M",38.96,38.96,NA,"Cyno","Dengue virus",7.3,2196
"NV289","Control",4,"IL.5","M",6.45,6.45,NA,"Cyno","Dengue virus",7.3,2196
"NV289","Control",4,"IL.17","M",30.96,30.96,NA,"Cyno","Dengue virus",7.3,2196
"NV289","Control",4,"IL.6","M",8.73,7.71,1.01985981308411,"Cyno","Dengue virus",7.3,2196
"NV289","Control",4,"I.TAC","M",92.63,32.66,0.711061641206724,"Cyno","Dengue virus",7.3,2196
"NV289","Control",4,"HGF","M",457.04,74.94,0.873898162488767,"Cyno","Dengue virus",7.3,2196
"NV289","Control",4,"Eotaxin","M",137.75,2.64,0.578611332801277,"Cyno","Dengue virus",7.3,2196
"NV289","Control",4,"IL.15","M",75.45,75.45,NA,"Cyno","Dengue virus",7.3,2196
"NV289","Control",4,"IL.8","M",13.88,11.68,0.7749860413177,"Cyno","Dengue virus",7.3,2196
"NV289","Control",4,"G.CSF","M",113.59,113.59,NA,"Cyno","Dengue virus",7.3,2196
"NV289","Control",4,"GM.CSF","M",20.22,12.88,1.25356478611283,"Cyno","Dengue virus",7.3,2196
"NV289","Control",4,"EGF","M",77.38,3.41,1.03407724174796,"Cyno","Dengue virus",7.3,2196
"NV289","Control",4,"IL.10","M",13.57,13.57,NA,"Cyno","Dengue virus",7.3,2196
"NV289","Control",4,"IL.RA","M",207.89,55.74,1.08349403241778,"Cyno","Dengue virus",7.3,2196
"NV289","Control",4,"IL.1B","M",12.04,12.04,NA,"Cyno","Dengue virus",7.3,2196
"NV289","Control",4,"MIF","M",177.24,5.06,1.55147058823529,"Cyno","Dengue virus",7.3,2196
"NV289","Control",4,"VEGF","M",1.35,1.35,NA,"Cyno","Dengue virus",7.3,2196
"NV289","Control",4,"RANTES","M",1532.54,9.09,0.43881390194877,"Cyno","Dengue virus",7.3,2196
"NV289","Control",4,"IL.12","M",1127.54,112.39,0.933154571260686,"Cyno","Dengue virus",7.3,2196
"NV289","Control",4,"MIG","M",24.23,24.23,NA,"Cyno","Dengue virus",7.3,2196
"NV289","Control",4,"MIP.1a","M",53.62,28.54,1.20467310716693,"Cyno","Dengue virus",7.3,2196
"NV289","Control",4,"MCP.1","M",1528.63,20.12,1.1431915402794,"Cyno","Dengue virus",7.3,2196
"NV289","Control",4,"TGFbeta","M",56.12,3.3,0.753187491611864,"Cyno","Dengue virus",7.3,2196
"NV289","Control",4,"MIP.1B","M",440.42,32.55,1.12806720967164,"Cyno","Dengue virus",7.3,2196
"NV289","Control",4,"IL.2","M",285.64,43.77,6.52593100297007,"Cyno","Dengue virus",7.3,2196
"NV289","Control",4,"MDC","M",731.05,286.83,0.688247865259511,"Cyno","Dengue virus",7.3,2196
"NV289","Control",4,"IP.10","M",10.41,4.38,1.18835616438356,"Cyno","Dengue virus",7.3,2196
"NV289","Control",4,"TNF.alpha","M",14.2,14.2,0.832356389214537,"Cyno","Dengue virus",7.3,2196
"NV289","Control",5,"IL.17","M",30.96,30.96,NA,"Cyno","Dengue virus",6.9,2068
"NV289","Control",5,"MIG","M",24.23,24.23,NA,"Cyno","Dengue virus",6.9,2068
"NV289","Control",5,"HGF","M",486.5,74.94,0.930228111436165,"Cyno","Dengue virus",6.9,2068
"NV289","Control",5,"EGF","M",81.92,3.41,1.09474809568355,"Cyno","Dengue virus",6.9,2068
"NV289","Control",5,"TNF.alpha","M",17,14.2,0.996483001172333,"Cyno","Dengue virus",6.9,2068
"NV289","Control",5,"IL.2","M",70.08,43.77,1.6010966415353,"Cyno","Dengue virus",6.9,2068
"NV289","Control",5,"IP.10","M",8.68,4.38,0.990867579908676,"Cyno","Dengue virus",6.9,2068
"NV289","Control",5,"Eotaxin","M",161.4,2.64,0.677951862897467,"Cyno","Dengue virus",6.9,2068
"NV289","Control",5,"IL.12","M",908.96,112.39,0.752257284968261,"Cyno","Dengue virus",6.9,2068
"NV289","Control",5,"IL.15","M",75.45,75.45,NA,"Cyno","Dengue virus",6.9,2068
"NV289","Control",5,"MIP.1a","M",31.54,28.54,0.708604807908335,"Cyno","Dengue virus",6.9,2068
"NV289","Control",5,"IFN.g","M",171.8,14.44,0.838580563284034,"Cyno","Dengue virus",6.9,2068
"NV289","Control",5,"GM.CSF","M",17.48,12.88,1.0836949783013,"Cyno","Dengue virus",6.9,2068
"NV289","Control",5,"IL.1B","M",12.04,12.04,NA,"Cyno","Dengue virus",6.9,2068
"NV289","Control",5,"IL.5","M",6.45,6.45,NA,"Cyno","Dengue virus",6.9,2068
"NV289","Control",5,"IL.10","M",13.57,13.57,NA,"Cyno","Dengue virus",6.9,2068
"NV289","Control",5,"MIP.1B","M",349.55,32.55,0.895317862814405,"Cyno","Dengue virus",6.9,2068
"NV289","Control",5,"G.CSF","M",113.59,113.59,NA,"Cyno","Dengue virus",6.9,2068
"NV289","Control",5,"I.TAC","M",118.19,32.66,0.907269517156674,"Cyno","Dengue virus",6.9,2068
"NV289","Control",5,"IL.6","M",8.89,7.71,1.03855140186916,"Cyno","Dengue virus",6.9,2068
"NV289","Control",5,"VEGF","M",1.35,1.35,NA,"Cyno","Dengue virus",6.9,2068
"NV289","Control",5,"MDC","M",846.94,286.83,0.797352639358307,"Cyno","Dengue virus",6.9,2068
"NV289","Control",5,"MCP.1","M",1151.34,20.12,0.861033832899578,"Cyno","Dengue virus",6.9,2068
"NV289","Control",5,"IL.8","M",15.2,11.68,0.848687883863763,"Cyno","Dengue virus",6.9,2068
"NV289","Control",5,"IL.4","M",38.96,38.96,NA,"Cyno","Dengue virus",6.9,2068
"NV289","Control",5,"TGFbeta","M",63.98,3.3,0.858676687692927,"Cyno","Dengue virus",6.9,2068
"NV289","Control",5,"MIF","M",102.98,5.06,0.901435574229692,"Cyno","Dengue virus",6.9,2068
"NV289","Control",5,"IL.RA","M",117.39,55.74,0.611820503465888,"Cyno","Dengue virus",6.9,2068
"NV289","Control",5,"RANTES","M",3357.99,9.09,0.961497053652726,"Cyno","Dengue virus",6.9,2068
"NV289","Control",6,"IL.17","M",30.96,30.96,NA,"Cyno","Dengue virus",7.7,2298
"NV289","Control",6,"Eotaxin","M",62.49,2.64,0.262485823497291,"Cyno","Dengue virus",7.7,2298
"NV289","Control",6,"MIP.1a","M",40.99,28.54,0.920916647944282,"Cyno","Dengue virus",7.7,2298
"NV289","Control",6,"TGFbeta","M",54.37,3.3,0.729700711313918,"Cyno","Dengue virus",7.7,2298
"NV289","Control",6,"MIP.1B","M",406.34,32.55,1.04077659955945,"Cyno","Dengue virus",7.7,2298
"NV289","Control",6,"TNF.alpha","M",14.2,14.2,0.832356389214537,"Cyno","Dengue virus",7.7,2298
"NV289","Control",6,"IL.12","M",1225.63,112.39,1.01433406989928,"Cyno","Dengue virus",7.7,2298
"NV289","Control",6,"IL.6","M",8.68,7.71,1.01401869158878,"Cyno","Dengue virus",7.7,2298
"NV289","Control",6,"IP.10","M",7.49,4.38,0.855022831050228,"Cyno","Dengue virus",7.7,2298
"NV289","Control",6,"IL.15","M",75.45,75.45,NA,"Cyno","Dengue virus",7.7,2298
"NV289","Control",6,"MCP.1","M",1355.69,20.12,1.01385772831972,"Cyno","Dengue virus",7.7,2298
"NV289","Control",6,"MDC","M",586.55,286.83,0.552208173678909,"Cyno","Dengue virus",7.7,2298
"NV289","Control",6,"EGF","M",57.95,3.41,0.774422023252706,"Cyno","Dengue virus",7.7,2298
"NV289","Control",6,"IL.RA","M",155.51,55.74,0.810496690467504,"Cyno","Dengue virus",7.7,2298
"NV289","Control",6,"IL.1B","M",12.04,12.04,NA,"Cyno","Dengue virus",7.7,2298
"NV289","Control",6,"IL.10","M",13.57,13.57,NA,"Cyno","Dengue virus",7.7,2298
"NV289","Control",6,"IL.5","M",6.45,6.45,NA,"Cyno","Dengue virus",7.7,2298
"NV289","Control",6,"G.CSF","M",113.59,113.59,NA,"Cyno","Dengue virus",7.7,2298
"NV289","Control",6,"MIG","M",24.23,24.23,NA,"Cyno","Dengue virus",7.7,2298
"NV289","Control",6,"IL.2","M",250.78,43.77,5.72949508795979,"Cyno","Dengue virus",7.7,2298
"NV289","Control",6,"IL.4","M",38.96,38.96,NA,"Cyno","Dengue virus",7.7,2298
"NV289","Control",6,"GM.CSF","M",18.22,12.88,1.12957222566646,"Cyno","Dengue virus",7.7,2298
"NV289","Control",6,"RANTES","M",1114.23,9.09,0.319038729147936,"Cyno","Dengue virus",7.7,2298
"NV289","Control",6,"IL.8","M",15.14,11.68,0.845337800111669,"Cyno","Dengue virus",7.7,2298
"NV289","Control",6,"MIF","M",98.67,5.06,0.863707983193277,"Cyno","Dengue virus",7.7,2298
"NV289","Control",6,"HGF","M",427.32,74.94,0.817071072104629,"Cyno","Dengue virus",7.7,2298
"NV289","Control",6,"VEGF","M",1.35,1.35,NA,"Cyno","Dengue virus",7.7,2298
"NV289","Control",6,"I.TAC","M",83.37,32.66,0.639978506179473,"Cyno","Dengue virus",7.7,2298
"NV289","Control",6,"IFN.g","M",174.35,14.44,0.851027480841509,"Cyno","Dengue virus",7.7,2298
"NV289","Control",7,"IFN.g","M",56.4,14.44,0.275296529506516,"Cyno","Dengue virus",7.1,2144
"NV289","Control",7,"MIP.1a","M",31.05,28.54,0.697596045832397,"Cyno","Dengue virus",7.1,2144
"NV289","Control",7,"IL.17","M",30.96,30.96,NA,"Cyno","Dengue virus",7.1,2144
"NV289","Control",7,"IL.RA","M",90.31,55.74,0.470683275134205,"Cyno","Dengue virus",7.1,2144
"NV289","Control",7,"G.CSF","M",113.59,113.59,NA,"Cyno","Dengue virus",7.1,2144
"NV289","Control",7,"IL.2","M",43.77,43.77,1,"Cyno","Dengue virus",7.1,2144
"NV289","Control",7,"IP.10","M",5.43,4.38,0.61986301369863,"Cyno","Dengue virus",7.1,2144
"NV289","Control",7,"MIF","M",60.75,5.06,0.531775210084034,"Cyno","Dengue virus",7.1,2144
"NV289","Control",7,"EGF","M",38.2,3.41,0.510490445008686,"Cyno","Dengue virus",7.1,2144
"NV289","Control",7,"IL.15","M",75.45,75.45,NA,"Cyno","Dengue virus",7.1,2144
"NV289","Control",7,"MIP.1B","M",209.33,32.55,0.53616618001127,"Cyno","Dengue virus",7.1,2144
"NV289","Control",7,"GM.CSF","M",12.88,12.88,0.798512089274644,"Cyno","Dengue virus",7.1,2144
"NV289","Control",7,"IL.1B","M",12.04,12.04,NA,"Cyno","Dengue virus",7.1,2144
"NV289","Control",7,"TNF.alpha","M",14.2,14.2,0.832356389214537,"Cyno","Dengue virus",7.1,2144
"NV289","Control",7,"MCP.1","M",707.35,20.12,0.528994286398038,"Cyno","Dengue virus",7.1,2144
"NV289","Control",7,"Eotaxin","M",151.43,2.64,0.636073423782921,"Cyno","Dengue virus",7.1,2144
"NV289","Control",7,"IL.6","M",7.71,7.71,0.900700934579439,"Cyno","Dengue virus",7.1,2144
"NV289","Control",7,"MIG","M",24.23,24.23,NA,"Cyno","Dengue virus",7.1,2144
"NV289","Control",7,"I.TAC","M",50.17,32.66,0.385123205649804,"Cyno","Dengue virus",7.1,2144
"NV289","Control",7,"TGFbeta","M",38.23,3.3,0.513085491880284,"Cyno","Dengue virus",7.1,2144
"NV289","Control",7,"IL.4","M",38.96,38.96,NA,"Cyno","Dengue virus",7.1,2144
"NV289","Control",7,"IL.12","M",591.13,112.39,0.489220481498953,"Cyno","Dengue virus",7.1,2144
"NV289","Control",7,"IL.8","M",11.68,11.68,0.65214963707426,"Cyno","Dengue virus",7.1,2144
"NV289","Control",7,"HGF","M",74.94,74.94,0.1432914587277,"Cyno","Dengue virus",7.1,2144
"NV289","Control",7,"IL.5","M",6.45,6.45,NA,"Cyno","Dengue virus",7.1,2144
"NV289","Control",7,"IL.10","M",13.57,13.57,NA,"Cyno","Dengue virus",7.1,2144
"NV289","Control",7,"MDC","M",560.89,286.83,0.528050537097883,"Cyno","Dengue virus",7.1,2144
"NV289","Control",7,"VEGF","M",1.35,1.35,NA,"Cyno","Dengue virus",7.1,2144
"NV289","Control",7,"RANTES","M",953.69,9.09,0.273071130378014,"Cyno","Dengue virus",7.1,2144
"UG171","Control",-7,"IL.17","F",30.96,30.96,NA,"Cyno","Dengue virus",NA,NA
"UG171","Control",-7,"IL.15","F",75.45,75.45,1,"Cyno","Dengue virus",NA,NA
"UG171","Control",-7,"Eotaxin","F",196.23,2.64,1,"Cyno","Dengue virus",NA,NA
"UG171","Control",-7,"TGFbeta","F",83.08,3.3,1,"Cyno","Dengue virus",NA,NA
"UG171","Control",-7,"MIG","F",24.23,24.23,1,"Cyno","Dengue virus",NA,NA
"UG171","Control",-7,"MDC","F",1697.66,286.83,1,"Cyno","Dengue virus",NA,NA
"UG171","Control",-7,"EGF","F",113.85,3.41,1,"Cyno","Dengue virus",NA,NA
"UG171","Control",-7,"MIP.1B","F",81.43,32.55,1,"Cyno","Dengue virus",NA,NA
"UG171","Control",-7,"MIP.1a","F",42.18,28.54,1,"Cyno","Dengue virus",NA,NA
"UG171","Control",-7,"MCP.1","F",631.87,20.12,1,"Cyno","Dengue virus",NA,NA
"UG171","Control",-7,"RANTES","F",3252.36,9.09,1,"Cyno","Dengue virus",NA,NA
"UG171","Control",-7,"IL.2","F",43.77,43.77,NA,"Cyno","Dengue virus",NA,NA
"UG171","Control",-7,"HGF","F",695.62,74.94,1,"Cyno","Dengue virus",NA,NA
"UG171","Control",-7,"MIF","F",461.17,5.06,1,"Cyno","Dengue virus",NA,NA
"UG171","Control",-7,"IL.RA","F",240.68,55.74,1,"Cyno","Dengue virus",NA,NA
"UG171","Control",-7,"GM.CSF","F",12.88,12.88,NA,"Cyno","Dengue virus",NA,NA
"UG171","Control",-7,"IL.6","F",7.71,7.71,1,"Cyno","Dengue virus",NA,NA
"UG171","Control",-7,"G.CSF","F",140.01,113.59,1,"Cyno","Dengue virus",NA,NA
"UG171","Control",-7,"IL.12","F",523.59,112.39,1,"Cyno","Dengue virus",NA,NA
"UG171","Control",-7,"IP.10","F",6.21,4.38,1,"Cyno","Dengue virus",NA,NA
"UG171","Control",-7,"IL.4","F",38.96,38.96,NA,"Cyno","Dengue virus",NA,NA
"UG171","Control",-7,"I.TAC","F",196.42,32.66,1,"Cyno","Dengue virus",NA,NA
"UG171","Control",-7,"IL.5","F",6.45,6.45,NA,"Cyno","Dengue virus",NA,NA
"UG171","Control",-7,"IL.8","F",11.68,11.68,NA,"Cyno","Dengue virus",NA,NA
"UG171","Control",-7,"IL.10","F",13.57,13.57,NA,"Cyno","Dengue virus",NA,NA
"UG171","Control",-7,"IFN.g","F",53.64,14.44,1,"Cyno","Dengue virus",NA,NA
"UG171","Control",-7,"IL.1B","F",12.04,12.04,NA,"Cyno","Dengue virus",NA,NA
"UG171","Control",-7,"VEGF","F",1.35,1.35,NA,"Cyno","Dengue virus",NA,NA
"UG171","Control",-7,"TNF.alpha","F",14.2,14.2,NA,"Cyno","Dengue virus",NA,NA
"UG171","Control",1,"IL.RA","F",323.05,55.74,1.34223865713811,"Cyno","Dengue virus",0.8,239
"UG171","Control",1,"IL.12","F",4230.83,112.39,8.0804255237877,"Cyno","Dengue virus",0.8,239
"UG171","Control",1,"IL.10","F",13.57,13.57,NA,"Cyno","Dengue virus",0.8,239
"UG171","Control",1,"GM.CSF","F",12.88,12.88,NA,"Cyno","Dengue virus",0.8,239
"UG171","Control",1,"MCP.1","F",263.54,20.12,0.417079462547676,"Cyno","Dengue virus",0.8,239
"UG171","Control",1,"MIF","F",295.63,5.06,0.641043433007351,"Cyno","Dengue virus",0.8,239
"UG171","Control",1,"IP.10","F",12.7,4.38,2.0450885668277,"Cyno","Dengue virus",0.8,239
"UG171","Control",1,"MDC","F",2109.43,286.83,1.24255151208134,"Cyno","Dengue virus",0.8,239
"UG171","Control",1,"EGF","F",116.9,3.41,1.02678963548529,"Cyno","Dengue virus",0.8,239
"UG171","Control",1,"IL.15","F",1146.73,75.45,15.1985420808482,"Cyno","Dengue virus",0.8,239
"UG171","Control",1,"IL.8","F",11.68,11.68,NA,"Cyno","Dengue virus",0.8,239
"UG171","Control",1,"HGF","F",9342.52,74.94,13.4304936603318,"Cyno","Dengue virus",0.8,239
"UG171","Control",1,"IL.17","F",30.96,30.96,NA,"Cyno","Dengue virus",0.8,239
"UG171","Control",1,"MIP.1a","F",76.53,28.54,1.81436699857753,"Cyno","Dengue virus",0.8,239
"UG171","Control",1,"MIP.1B","F",60.62,32.55,0.744443079945966,"Cyno","Dengue virus",0.8,239
"UG171","Control",1,"IFN.g","F",14.44,14.44,0.269202087994034,"Cyno","Dengue virus",0.8,239
"UG171","Control",1,"IL.1B","F",12.04,12.04,NA,"Cyno","Dengue virus",0.8,239
"UG171","Control",1,"Eotaxin","F",71.16,2.64,0.362635682617337,"Cyno","Dengue virus",0.8,239
"UG171","Control",1,"G.CSF","F",1357.74,113.59,9.69745018212985,"Cyno","Dengue virus",0.8,239
"UG171","Control",1,"IL.6","F",9.63,7.71,1.24902723735409,"Cyno","Dengue virus",0.8,239
"UG171","Control",1,"IL.2","F",43.77,43.77,NA,"Cyno","Dengue virus",0.8,239
"UG171","Control",1,"MIG","F",300.68,24.23,12.409409822534,"Cyno","Dengue virus",0.8,239
"UG171","Control",1,"RANTES","F",3950.3,9.09,1.21459494028951,"Cyno","Dengue virus",0.8,239
"UG171","Control",1,"TGFbeta","F",67.23,3.3,0.809220028887819,"Cyno","Dengue virus",0.8,239
"UG171","Control",1,"IL.4","F",38.96,38.96,NA,"Cyno","Dengue virus",0.8,239
"UG171","Control",1,"TNF.alpha","F",14.2,14.2,NA,"Cyno","Dengue virus",0.8,239
"UG171","Control",1,"IL.5","F",6.45,6.45,NA,"Cyno","Dengue virus",0.8,239
"UG171","Control",1,"VEGF","F",1.35,1.35,NA,"Cyno","Dengue virus",0.8,239
"UG171","Control",1,"I.TAC","F",94.15,32.66,0.479330007127584,"Cyno","Dengue virus",0.8,239
"UG171","Control",2,"IL.10","F",13.57,13.57,NA,"Cyno","Dengue virus",0.6,184
"UG171","Control",2,"EGF","F",151.72,3.41,1.33263065436978,"Cyno","Dengue virus",0.6,184
"UG171","Control",2,"I.TAC","F",145.97,32.66,0.743152428469606,"Cyno","Dengue virus",0.6,184
"UG171","Control",2,"G.CSF","F",1358.41,113.59,9.70223555460324,"Cyno","Dengue virus",0.6,184
"UG171","Control",2,"IL.15","F",1179.49,75.45,15.6327369118622,"Cyno","Dengue virus",0.6,184
"UG171","Control",2,"MCP.1","F",277.95,20.12,0.439884786427588,"Cyno","Dengue virus",0.6,184
"UG171","Control",2,"GM.CSF","F",12.88,12.88,NA,"Cyno","Dengue virus",0.6,184
"UG171","Control",2,"IL.4","F",38.96,38.96,NA,"Cyno","Dengue virus",0.6,184
"UG171","Control",2,"IL.RA","F",392.71,55.74,1.63166860561742,"Cyno","Dengue virus",0.6,184
"UG171","Control",2,"IL.17","F",30.96,30.96,NA,"Cyno","Dengue virus",0.6,184
"UG171","Control",2,"HGF","F",9661.96,74.94,13.8897098990828,"Cyno","Dengue virus",0.6,184
"UG171","Control",2,"IL.5","F",6.45,6.45,NA,"Cyno","Dengue virus",0.6,184
"UG171","Control",2,"Eotaxin","F",85.63,2.64,0.436375681598125,"Cyno","Dengue virus",0.6,184
"UG171","Control",2,"IL.12","F",4317.87,112.39,8.24666246490575,"Cyno","Dengue virus",0.6,184
"UG171","Control",2,"IL.6","F",9.03,7.71,1.17120622568093,"Cyno","Dengue virus",0.6,184
"UG171","Control",2,"IL.2","F",43.77,43.77,NA,"Cyno","Dengue virus",0.6,184
"UG171","Control",2,"MIG","F",291.99,24.23,12.0507635163021,"Cyno","Dengue virus",0.6,184
"UG171","Control",2,"TGFbeta","F",88.08,3.3,1.06018295618681,"Cyno","Dengue virus",0.6,184
"UG171","Control",2,"IL.8","F",11.68,11.68,NA,"Cyno","Dengue virus",0.6,184
"UG171","Control",2,"MDC","F",2324.16,286.83,1.36903738086543,"Cyno","Dengue virus",0.6,184
"UG171","Control",2,"IFN.g","F",30.86,14.44,0.575316927665921,"Cyno","Dengue virus",0.6,184
"UG171","Control",2,"MIP.1a","F",76.11,28.54,1.80440967283073,"Cyno","Dengue virus",0.6,184
"UG171","Control",2,"TNF.alpha","F",14.2,14.2,NA,"Cyno","Dengue virus",0.6,184
"UG171","Control",2,"IL.1B","F",12.04,12.04,NA,"Cyno","Dengue virus",0.6,184
"UG171","Control",2,"MIF","F",412.33,5.06,0.894095452869874,"Cyno","Dengue virus",0.6,184
"UG171","Control",2,"MIP.1B","F",68.08,32.55,0.836055507798109,"Cyno","Dengue virus",0.6,184
"UG171","Control",2,"RANTES","F",11701.86,9.09,3.59795963546471,"Cyno","Dengue virus",0.6,184
"UG171","Control",2,"VEGF","F",1.35,1.35,NA,"Cyno","Dengue virus",0.6,184
"UG171","Control",2,"IP.10","F",13.55,4.38,2.18196457326892,"Cyno","Dengue virus",0.6,184
"UG171","Control",28,"IP.10","F",13.93,4.38,2.24315619967794,"Cyno","Dengue virus",0.1,36
"UG171","Control",28,"MDC","F",2234.4,286.83,1.31616460304183,"Cyno","Dengue virus",0.1,36
"UG171","Control",28,"HGF","F",7953.49,74.94,11.4336706822691,"Cyno","Dengue virus",0.1,36
"UG171","Control",28,"IL.6","F",7.71,7.71,1,"Cyno","Dengue virus",0.1,36
"UG171","Control",28,"Eotaxin","F",192.93,2.64,0.983182999541355,"Cyno","Dengue virus",0.1,36
"UG171","Control",28,"IL.1B","F",12.04,12.04,NA,"Cyno","Dengue virus",0.1,36
"UG171","Control",28,"IL.15","F",816.65,75.45,10.8237243207422,"Cyno","Dengue virus",0.1,36
"UG171","Control",28,"GM.CSF","F",12.88,12.88,NA,"Cyno","Dengue virus",0.1,36
"UG171","Control",28,"I.TAC","F",134.51,32.66,0.684808064351899,"Cyno","Dengue virus",0.1,36
"UG171","Control",28,"MCP.1","F",352.72,20.12,0.558216088752433,"Cyno","Dengue virus",0.1,36
"UG171","Control",28,"G.CSF","F",1163.77,113.59,8.31204913934719,"Cyno","Dengue virus",0.1,36
"UG171","Control",28,"IFN.g","F",29.31,14.44,0.546420581655481,"Cyno","Dengue virus",0.1,36
"UG171","Control",28,"IL.4","F",38.96,38.96,NA,"Cyno","Dengue virus",0.1,36
"UG171","Control",28,"MIF","F",216.55,5.06,0.4695665372856,"Cyno","Dengue virus",0.1,36
"UG171","Control",28,"IL.17","F",30.96,30.96,NA,"Cyno","Dengue virus",0.1,36
"UG171","Control",28,"EGF","F",116.23,3.41,1.02090469916557,"Cyno","Dengue virus",0.1,36
"UG171","Control",28,"IL.5","F",6.45,6.45,NA,"Cyno","Dengue virus",0.1,36
"UG171","Control",28,"MIG","F",277.25,24.23,11.4424267437061,"Cyno","Dengue virus",0.1,36
"UG171","Control",28,"MIP.1B","F",78.89,32.55,0.968807564779565,"Cyno","Dengue virus",0.1,36
"UG171","Control",28,"MIP.1a","F",76.11,28.54,1.80440967283073,"Cyno","Dengue virus",0.1,36
"UG171","Control",28,"IL.8","F",11.68,11.68,NA,"Cyno","Dengue virus",0.1,36
"UG171","Control",28,"TGFbeta","F",91.71,3.3,1.10387578237843,"Cyno","Dengue virus",0.1,36
"UG171","Control",28,"RANTES","F",4199.54,9.09,1.2912285232877,"Cyno","Dengue virus",0.1,36
"UG171","Control",28,"IL.12","F",3001.4,112.39,5.73234782940851,"Cyno","Dengue virus",0.1,36
"UG171","Control",28,"TNF.alpha","F",14.2,14.2,NA,"Cyno","Dengue virus",0.1,36
"UG171","Control",28,"IL.10","F",13.57,13.57,NA,"Cyno","Dengue virus",0.1,36
"UG171","Control",28,"IL.RA","F",295.36,55.74,1.22718962938341,"Cyno","Dengue virus",0.1,36
"UG171","Control",28,"VEGF","F",1.35,1.35,NA,"Cyno","Dengue virus",0.1,36
"UG171","Control",28,"IL.2","F",43.77,43.77,NA,"Cyno","Dengue virus",0.1,36
"UG171","Control",3,"MDC","F",2329.73,286.83,1.37231836763545,"Cyno","Dengue virus",0.5,154
"UG171","Control",3,"IL.17","F",30.96,30.96,NA,"Cyno","Dengue virus",0.5,154
"UG171","Control",3,"IL.10","F",13.57,13.57,NA,"Cyno","Dengue virus",0.5,154
"UG171","Control",3,"IL.1B","F",12.04,12.04,NA,"Cyno","Dengue virus",0.5,154
"UG171","Control",3,"IL.2","F",43.77,43.77,NA,"Cyno","Dengue virus",0.5,154
"UG171","Control",3,"MCP.1","F",349.77,20.12,0.553547406903319,"Cyno","Dengue virus",0.5,154
"UG171","Control",3,"RANTES","F",4493.09,9.09,1.38148605935382,"Cyno","Dengue virus",0.5,154
"UG171","Control",3,"MIF","F",1072.64,5.06,2.32591018496433,"Cyno","Dengue virus",0.5,154
"UG171","Control",3,"EGF","F",116.9,3.41,1.02678963548529,"Cyno","Dengue virus",0.5,154
"UG171","Control",3,"MIP.1a","F",79.4,28.54,1.88240872451399,"Cyno","Dengue virus",0.5,154
"UG171","Control",3,"GM.CSF","F",12.88,12.88,NA,"Cyno","Dengue virus",0.5,154
"UG171","Control",3,"IL.12","F",4336.21,112.39,8.28168987184629,"Cyno","Dengue virus",0.5,154
"UG171","Control",3,"HGF","F",9593.96,74.94,13.7919553779362,"Cyno","Dengue virus",0.5,154
"UG171","Control",3,"MIP.1B","F",63.21,32.55,0.776249539481763,"Cyno","Dengue virus",0.5,154
"UG171","Control",3,"IL.5","F",6.45,6.45,NA,"Cyno","Dengue virus",0.5,154
"UG171","Control",3,"IL.8","F",11.68,11.68,NA,"Cyno","Dengue virus",0.5,154
"UG171","Control",3,"IP.10","F",13.35,4.38,2.14975845410628,"Cyno","Dengue virus",0.5,154
"UG171","Control",3,"I.TAC","F",145.14,32.66,0.738926789532634,"Cyno","Dengue virus",0.5,154
"UG171","Control",3,"G.CSF","F",1401.33,113.59,10.0087850867795,"Cyno","Dengue virus",0.5,154
"UG171","Control",3,"IL.RA","F",661.79,55.74,2.74966760844275,"Cyno","Dengue virus",0.5,154
"UG171","Control",3,"IL.15","F",1174.4,75.45,15.5652750165673,"Cyno","Dengue virus",0.5,154
"UG171","Control",3,"IL.4","F",38.96,38.96,NA,"Cyno","Dengue virus",0.5,154
"UG171","Control",3,"IFN.g","F",24.65,14.44,0.459545115585384,"Cyno","Dengue virus",0.5,154
"UG171","Control",3,"IL.6","F",9.06,7.71,1.17509727626459,"Cyno","Dengue virus",0.5,154
"UG171","Control",3,"MIG","F",349.83,24.23,14.437886917045,"Cyno","Dengue virus",0.5,154
"UG171","Control",3,"Eotaxin","F",181.67,2.64,0.925801355552158,"Cyno","Dengue virus",0.5,154
"UG171","Control",3,"TNF.alpha","F",14.2,14.2,NA,"Cyno","Dengue virus",0.5,154
"UG171","Control",3,"VEGF","F",1.35,1.35,NA,"Cyno","Dengue virus",0.5,154
"UG171","Control",3,"TGFbeta","F",83.84,3.3,1.00914780934039,"Cyno","Dengue virus",0.5,154
"UG171","Control",4,"Eotaxin","F",92.06,2.64,0.469143352188758,"Cyno","Dengue virus",0.4,116
"UG171","Control",4,"IL.RA","F",305.48,55.74,1.2692371613761,"Cyno","Dengue virus",0.4,116
"UG171","Control",4,"IL.1B","F",12.04,12.04,NA,"Cyno","Dengue virus",0.4,116
"UG171","Control",4,"IL.15","F",1118.98,75.45,14.8307488402916,"Cyno","Dengue virus",0.4,116
"UG171","Control",4,"IL.6","F",10.69,7.71,1.38651102464332,"Cyno","Dengue virus",0.4,116
"UG171","Control",4,"GM.CSF","F",12.88,12.88,NA,"Cyno","Dengue virus",0.4,116
"UG171","Control",4,"IL.4","F",38.96,38.96,NA,"Cyno","Dengue virus",0.4,116
"UG171","Control",4,"EGF","F",92.76,3.41,0.814756258234519,"Cyno","Dengue virus",0.4,116
"UG171","Control",4,"MCP.1","F",242.27,20.12,0.383417475113552,"Cyno","Dengue virus",0.4,116
"UG171","Control",4,"HGF","F",9038.44,74.94,12.993358442828,"Cyno","Dengue virus",0.4,116
"UG171","Control",4,"MIP.1B","F",43.71,32.55,0.536780056490237,"Cyno","Dengue virus",0.4,116
"UG171","Control",4,"IL.5","F",6.45,6.45,NA,"Cyno","Dengue virus",0.4,116
"UG171","Control",4,"IL.17","F",30.96,30.96,NA,"Cyno","Dengue virus",0.4,116
"UG171","Control",4,"IL.12","F",4125.55,112.39,7.87935216486182,"Cyno","Dengue virus",0.4,116
"UG171","Control",4,"RANTES","F",2265.19,9.09,0.696475789887958,"Cyno","Dengue virus",0.4,116
"UG171","Control",4,"IL.2","F",43.77,43.77,NA,"Cyno","Dengue virus",0.4,116
"UG171","Control",4,"MIG","F",299.72,24.23,12.3697895171275,"Cyno","Dengue virus",0.4,116
"UG171","Control",4,"G.CSF","F",1295.84,113.59,9.25533890436397,"Cyno","Dengue virus",0.4,116
"UG171","Control",4,"IL.8","F",11.68,11.68,NA,"Cyno","Dengue virus",0.4,116
"UG171","Control",4,"IFN.g","F",14.44,14.44,0.269202087994034,"Cyno","Dengue virus",0.4,116
"UG171","Control",4,"TGFbeta","F",49.71,3.3,0.598338950409244,"Cyno","Dengue virus",0.4,116
"UG171","Control",4,"MIP.1a","F",73.61,28.54,1.74513987671882,"Cyno","Dengue virus",0.4,116
"UG171","Control",4,"MDC","F",1947.51,286.83,1.14717316777211,"Cyno","Dengue virus",0.4,116
"UG171","Control",4,"IL.10","F",13.57,13.57,NA,"Cyno","Dengue virus",0.4,116
"UG171","Control",4,"TNF.alpha","F",14.2,14.2,NA,"Cyno","Dengue virus",0.4,116
"UG171","Control",4,"MIF","F",224.26,5.06,0.486284884099139,"Cyno","Dengue virus",0.4,116
"UG171","Control",4,"VEGF","F",1.35,1.35,NA,"Cyno","Dengue virus",0.4,116
"UG171","Control",4,"IP.10","F",11.83,4.38,1.90499194847021,"Cyno","Dengue virus",0.4,116
"UG171","Control",4,"I.TAC","F",83.73,32.66,0.426280419509215,"Cyno","Dengue virus",0.4,116
"UG171","Control",5,"IL.17","F",30.96,30.96,NA,"Cyno","Dengue virus",1,291
"UG171","Control",5,"IL.5","F",6.45,6.45,NA,"Cyno","Dengue virus",1,291
"UG171","Control",5,"IL.8","F",11.68,11.68,NA,"Cyno","Dengue virus",1,291
"UG171","Control",5,"I.TAC","F",86.93,32.66,0.442572039507179,"Cyno","Dengue virus",1,291
"UG171","Control",5,"IL.2","F",43.77,43.77,NA,"Cyno","Dengue virus",1,291
"UG171","Control",5,"EGF","F",92.5,3.41,0.812472551602986,"Cyno","Dengue virus",1,291
"UG171","Control",5,"IL.10","F",13.57,13.57,NA,"Cyno","Dengue virus",1,291
"UG171","Control",5,"IL.15","F",940.94,75.45,12.4710404241219,"Cyno","Dengue virus",1,291
"UG171","Control",5,"IFN.g","F",17.55,14.44,0.327181208053691,"Cyno","Dengue virus",1,291
"UG171","Control",5,"Eotaxin","F",149.66,2.64,0.762676451103297,"Cyno","Dengue virus",1,291
"UG171","Control",5,"G.CSF","F",1180.78,113.59,8.43354046139562,"Cyno","Dengue virus",1,291
"UG171","Control",5,"MDC","F",2138,286.83,1.25938055912256,"Cyno","Dengue virus",1,291
"UG171","Control",5,"TNF.alpha","F",14.2,14.2,NA,"Cyno","Dengue virus",1,291
"UG171","Control",5,"IL.RA","F",296.99,55.74,1.23396210736247,"Cyno","Dengue virus",1,291
"UG171","Control",5,"MIP.1a","F",68.5,28.54,1.6239924134661,"Cyno","Dengue virus",1,291
"UG171","Control",5,"IL.1B","F",12.04,12.04,NA,"Cyno","Dengue virus",1,291
"UG171","Control",5,"IP.10","F",12.23,4.38,1.96940418679549,"Cyno","Dengue virus",1,291
"UG171","Control",5,"RANTES","F",3268.69,9.09,1.00502096938838,"Cyno","Dengue virus",1,291
"UG171","Control",5,"HGF","F",8481.52,74.94,12.1927489146373,"Cyno","Dengue virus",1,291
"UG171","Control",5,"MIP.1B","F",57.15,32.55,0.701829792459781,"Cyno","Dengue virus",1,291
"UG171","Control",5,"MCP.1","F",303,20.12,0.479529017044645,"Cyno","Dengue virus",1,291
"UG171","Control",5,"IL.4","F",38.96,38.96,NA,"Cyno","Dengue virus",1,291
"UG171","Control",5,"GM.CSF","F",12.88,12.88,NA,"Cyno","Dengue virus",1,291
"UG171","Control",5,"MIG","F",271.26,24.23,11.19521254643,"Cyno","Dengue virus",1,291
"UG171","Control",5,"IL.12","F",3024.03,112.39,5.77556867014267,"Cyno","Dengue virus",1,291
"UG171","Control",5,"IL.6","F",8.41,7.71,1.09079118028534,"Cyno","Dengue virus",1,291
"UG171","Control",5,"VEGF","F",1.35,1.35,NA,"Cyno","Dengue virus",1,291
"UG171","Control",5,"TGFbeta","F",61.77,3.3,0.743500240731825,"Cyno","Dengue virus",1,291
"UG171","Control",5,"MIF","F",162.37,5.06,0.352082746058937,"Cyno","Dengue virus",1,291
"UG171","Control",6,"EGF","F",100.2,3.41,0.880105401844532,"Cyno","Dengue virus",1.3,377
"UG171","Control",6,"IL.17","F",30.96,30.96,NA,"Cyno","Dengue virus",1.3,377
"UG171","Control",6,"MDC","F",2155.1,286.83,1.26945324741114,"Cyno","Dengue virus",1.3,377
"UG171","Control",6,"MIP.1B","F",57.73,32.55,0.708952474517991,"Cyno","Dengue virus",1.3,377
"UG171","Control",6,"IL.1B","F",12.04,12.04,NA,"Cyno","Dengue virus",1.3,377
"UG171","Control",6,"Eotaxin","F",125.86,2.64,0.641390205371248,"Cyno","Dengue virus",1.3,377
"UG171","Control",6,"MIF","F",215.45,5.06,0.467181299737624,"Cyno","Dengue virus",1.3,377
"UG171","Control",6,"IL.6","F",8.59,7.71,1.11413748378729,"Cyno","Dengue virus",1.3,377
"UG171","Control",6,"G.CSF","F",1193.01,113.59,8.52089136490251,"Cyno","Dengue virus",1.3,377
"UG171","Control",6,"I.TAC","F",90.11,32.66,0.458761836880155,"Cyno","Dengue virus",1.3,377
"UG171","Control",6,"IL.2","F",43.77,43.77,NA,"Cyno","Dengue virus",1.3,377
"UG171","Control",6,"TGFbeta","F",68.98,3.3,0.830284063553202,"Cyno","Dengue virus",1.3,377
"UG171","Control",6,"MIP.1a","F",77.76,28.54,1.84352773826458,"Cyno","Dengue virus",1.3,377
"UG171","Control",6,"GM.CSF","F",12.88,12.88,NA,"Cyno","Dengue virus",1.3,377
"UG171","Control",6,"IL.4","F",38.96,38.96,NA,"Cyno","Dengue virus",1.3,377
"UG171","Control",6,"IL.10","F",13.57,13.57,NA,"Cyno","Dengue virus",1.3,377
"UG171","Control",6,"MIG","F",288.09,24.23,11.8898060255881,"Cyno","Dengue virus",1.3,377
"UG171","Control",6,"IL.5","F",6.45,6.45,NA,"Cyno","Dengue virus",1.3,377
"UG171","Control",6,"HGF","F",8049.92,74.94,11.5722952186539,"Cyno","Dengue virus",1.3,377
"UG171","Control",6,"IL.12","F",3523.23,112.39,6.72898642067266,"Cyno","Dengue virus",1.3,377
"UG171","Control",6,"RANTES","F",4223.03,9.09,1.29845097098722,"Cyno","Dengue virus",1.3,377
"UG171","Control",6,"VEGF","F",1.35,1.35,NA,"Cyno","Dengue virus",1.3,377
"UG171","Control",6,"IL.15","F",956.61,75.45,12.6787276341948,"Cyno","Dengue virus",1.3,377
"UG171","Control",6,"IL.8","F",11.68,11.68,NA,"Cyno","Dengue virus",1.3,377
"UG171","Control",6,"IFN.g","F",15.96,14.44,0.297539149888143,"Cyno","Dengue virus",1.3,377
"UG171","Control",6,"TNF.alpha","F",14.2,14.2,NA,"Cyno","Dengue virus",1.3,377
"UG171","Control",6,"MCP.1","F",325.9,20.12,0.515770649025907,"Cyno","Dengue virus",1.3,377
"UG171","Control",6,"IL.RA","F",298.2,55.74,1.23898952966595,"Cyno","Dengue virus",1.3,377
"UG171","Control",6,"IP.10","F",12.76,4.38,2.05475040257649,"Cyno","Dengue virus",1.3,377
"UG171","Control",7,"MIF","F",147.69,5.06,0.320250666782315,"Cyno","Dengue virus",0.2,64
"UG171","Control",7,"Eotaxin","F",140.44,2.64,0.715690771033991,"Cyno","Dengue virus",0.2,64
"UG171","Control",7,"I.TAC","F",87.59,32.66,0.445932186131759,"Cyno","Dengue virus",0.2,64
"UG171","Control",7,"G.CSF","F",918.31,113.59,6.55888865081066,"Cyno","Dengue virus",0.2,64
"UG171","Control",7,"IL.17","F",30.96,30.96,NA,"Cyno","Dengue virus",0.2,64
"UG171","Control",7,"IL.12","F",2474.53,112.39,4.72608338585535,"Cyno","Dengue virus",0.2,64
"UG171","Control",7,"MCP.1","F",244.59,20.12,0.387089116432178,"Cyno","Dengue virus",0.2,64
"UG171","Control",7,"GM.CSF","F",12.88,12.88,NA,"Cyno","Dengue virus",0.2,64
"UG171","Control",7,"HGF","F",8300.27,74.94,11.932189988787,"Cyno","Dengue virus",0.2,64
"UG171","Control",7,"IL.15","F",75.45,75.45,1,"Cyno","Dengue virus",0.2,64
"UG171","Control",7,"MDC","F",2267.48,286.83,1.33565024798841,"Cyno","Dengue virus",0.2,64
"UG171","Control",7,"IL.10","F",13.57,13.57,NA,"Cyno","Dengue virus",0.2,64
"UG171","Control",7,"IL.4","F",38.96,38.96,NA,"Cyno","Dengue virus",0.2,64
"UG171","Control",7,"MIP.1a","F",64.55,28.54,1.53034613560929,"Cyno","Dengue virus",0.2,64
"UG171","Control",7,"IL.1B","F",12.04,12.04,NA,"Cyno","Dengue virus",0.2,64
"UG171","Control",7,"IL.2","F",43.77,43.77,NA,"Cyno","Dengue virus",0.2,64
"UG171","Control",7,"VEGF","F",1.35,1.35,NA,"Cyno","Dengue virus",0.2,64
"UG171","Control",7,"MIP.1B","F",54.84,32.55,0.673461869090016,"Cyno","Dengue virus",0.2,64
"UG171","Control",7,"RANTES","F",5156.63,9.09,1.58550406474068,"Cyno","Dengue virus",0.2,64
"UG171","Control",7,"EGF","F",66.11,3.41,0.580676328502415,"Cyno","Dengue virus",0.2,64
"UG171","Control",7,"IL.8","F",11.68,11.68,NA,"Cyno","Dengue virus",0.2,64
"UG171","Control",7,"IFN.g","F",14.44,14.44,0.269202087994034,"Cyno","Dengue virus",0.2,64
"UG171","Control",7,"TNF.alpha","F",14.2,14.2,NA,"Cyno","Dengue virus",0.2,64
"UG171","Control",7,"IL.5","F",6.45,6.45,NA,"Cyno","Dengue virus",0.2,64
"UG171","Control",7,"IL.RA","F",269.98,55.74,1.12173840784444,"Cyno","Dengue virus",0.2,64
"UG171","Control",7,"IL.6","F",7.71,7.71,1,"Cyno","Dengue virus",0.2,64
"UG171","Control",7,"MIG","F",180.59,24.23,7.45315724308708,"Cyno","Dengue virus",0.2,64
"UG171","Control",7,"IP.10","F",10.04,4.38,1.61674718196457,"Cyno","Dengue virus",0.2,64
"UG171","Control",7,"TGFbeta","F",75.44,3.3,0.908040442946558,"Cyno","Dengue virus",0.2,64
"UG253A","Control",-7,"EGF","M",68.68,3.41,1,"Cyno","Dengue virus",NA,NA
"UG253A","Control",-7,"IL.15","M",880.32,75.45,NA,"Cyno","Dengue virus",NA,NA
"UG253A","Control",-7,"GM.CSF","M",12.88,12.88,NA,"Cyno","Dengue virus",NA,NA
"UG253A","Control",-7,"HGF","M",8854.91,74.94,1,"Cyno","Dengue virus",NA,NA
"UG253A","Control",-7,"Eotaxin","M",140.99,2.64,1,"Cyno","Dengue virus",NA,NA
"UG253A","Control",-7,"MCP.1","M",368.61,20.12,1,"Cyno","Dengue virus",NA,NA
"UG253A","Control",-7,"IL.10","M",13.57,13.57,NA,"Cyno","Dengue virus",NA,NA
"UG253A","Control",-7,"IFN.g","M",14.44,14.44,1,"Cyno","Dengue virus",NA,NA
"UG253A","Control",-7,"G.CSF","M",1171.88,113.59,1,"Cyno","Dengue virus",NA,NA
"UG253A","Control",-7,"IL.17","M",30.96,30.96,NA,"Cyno","Dengue virus",NA,NA
"UG253A","Control",-7,"IL.1B","M",12.04,12.04,NA,"Cyno","Dengue virus",NA,NA
"UG253A","Control",-7,"IL.RA","M",274.04,55.74,1,"Cyno","Dengue virus",NA,NA
"UG253A","Control",-7,"MIP.1a","M",28.54,28.54,1,"Cyno","Dengue virus",NA,NA
"UG253A","Control",-7,"IL.2","M",43.77,43.77,1,"Cyno","Dengue virus",NA,NA
"UG253A","Control",-7,"IL.12","M",3470.95,112.39,1,"Cyno","Dengue virus",NA,NA
"UG253A","Control",-7,"IL.6","M",7.71,7.71,NA,"Cyno","Dengue virus",NA,NA
"UG253A","Control",-7,"I.TAC","M",114.21,32.66,1,"Cyno","Dengue virus",NA,NA
"UG253A","Control",-7,"IL.8","M",11.68,11.68,NA,"Cyno","Dengue virus",NA,NA
"UG253A","Control",-7,"TGFbeta","M",81.94,3.3,1,"Cyno","Dengue virus",NA,NA
"UG253A","Control",-7,"MDC","M",2196.4,286.83,1,"Cyno","Dengue virus",NA,NA
"UG253A","Control",-7,"IL.4","M",38.96,38.96,NA,"Cyno","Dengue virus",NA,NA
"UG253A","Control",-7,"TNF.alpha","M",14.2,14.2,NA,"Cyno","Dengue virus",NA,NA
"UG253A","Control",-7,"IL.5","M",6.45,6.45,NA,"Cyno","Dengue virus",NA,NA
"UG253A","Control",-7,"MIP.1B","M",32.55,32.55,1,"Cyno","Dengue virus",NA,NA
"UG253A","Control",-7,"MIF","M",102.57,5.06,1,"Cyno","Dengue virus",NA,NA
"UG253A","Control",-7,"IP.10","M",7.9,4.38,1,"Cyno","Dengue virus",NA,NA
"UG253A","Control",-7,"RANTES","M",3731.91,9.09,1,"Cyno","Dengue virus",NA,NA
"UG253A","Control",-7,"MIG","M",254.65,24.23,1,"Cyno","Dengue virus",NA,NA
"UG253A","Control",-7,"VEGF","M",1.35,1.35,NA,"Cyno","Dengue virus",NA,NA
"UG253A","Control",1,"Eotaxin","M",112.89,2.64,0.800695084757784,"Cyno","Dengue virus",7.6,2303
"UG253A","Control",1,"IL.2","M",43.77,43.77,1,"Cyno","Dengue virus",7.6,2303
"UG253A","Control",1,"IL.15","M",75.45,75.45,NA,"Cyno","Dengue virus",7.6,2303
"UG253A","Control",1,"IL.4","M",38.96,38.96,NA,"Cyno","Dengue virus",7.6,2303
"UG253A","Control",1,"IL.5","M",6.45,6.45,NA,"Cyno","Dengue virus",7.6,2303
"UG253A","Control",1,"IL.17","M",30.96,30.96,NA,"Cyno","Dengue virus",7.6,2303
"UG253A","Control",1,"IL.12","M",600.79,112.39,0.173090940520607,"Cyno","Dengue virus",7.6,2303
"UG253A","Control",1,"MIP.1a","M",28.54,28.54,1,"Cyno","Dengue virus",7.6,2303
"UG253A","Control",1,"IL.8","M",11.68,11.68,NA,"Cyno","Dengue virus",7.6,2303
"UG253A","Control",1,"GM.CSF","M",12.88,12.88,NA,"Cyno","Dengue virus",7.6,2303
"UG253A","Control",1,"IFN.g","M",65.51,14.44,4.53670360110803,"Cyno","Dengue virus",7.6,2303
"UG253A","Control",1,"EGF","M",110.81,3.41,1.61342457775189,"Cyno","Dengue virus",7.6,2303
"UG253A","Control",1,"MIF","M",487.27,5.06,4.75060933996295,"Cyno","Dengue virus",7.6,2303
"UG253A","Control",1,"IL.10","M",13.57,13.57,NA,"Cyno","Dengue virus",7.6,2303
"UG253A","Control",1,"HGF","M",906.35,74.94,0.102355642236906,"Cyno","Dengue virus",7.6,2303
"UG253A","Control",1,"IL.1B","M",12.04,12.04,NA,"Cyno","Dengue virus",7.6,2303
"UG253A","Control",1,"MIG","M",24.23,24.23,0.095150206165325,"Cyno","Dengue virus",7.6,2303
"UG253A","Control",1,"VEGF","M",1.35,1.35,NA,"Cyno","Dengue virus",7.6,2303
"UG253A","Control",1,"I.TAC","M",113.37,32.66,0.992645127396901,"Cyno","Dengue virus",7.6,2303
"UG253A","Control",1,"G.CSF","M",113.59,113.59,0.096929719766529,"Cyno","Dengue virus",7.6,2303
"UG253A","Control",1,"RANTES","M",3626.97,9.09,0.971880350812319,"Cyno","Dengue virus",7.6,2303
"UG253A","Control",1,"MDC","M",1640.07,286.83,0.746708249863413,"Cyno","Dengue virus",7.6,2303
"UG253A","Control",1,"TGFbeta","M",115.71,3.3,1.41213082743471,"Cyno","Dengue virus",7.6,2303
"UG253A","Control",1,"TNF.alpha","M",14.2,14.2,NA,"Cyno","Dengue virus",7.6,2303
"UG253A","Control",1,"MCP.1","M",503.55,20.12,1.36607796858468,"Cyno","Dengue virus",7.6,2303
"UG253A","Control",1,"MIP.1B","M",44.18,32.55,1.35729646697389,"Cyno","Dengue virus",7.6,2303
"UG253A","Control",1,"IL.RA","M",240.31,55.74,0.876915778718435,"Cyno","Dengue virus",7.6,2303
"UG253A","Control",1,"IL.6","M",7.71,7.71,NA,"Cyno","Dengue virus",7.6,2303
"UG253A","Control",1,"IP.10","M",4.92,4.38,0.622784810126582,"Cyno","Dengue virus",7.6,2303
"UG253A","Control",2,"MDC","M",1281.4,286.83,0.583409215079221,"Cyno","Dengue virus",4.9,1458
"UG253A","Control",2,"IL.2","M",43.77,43.77,1,"Cyno","Dengue virus",4.9,1458
"UG253A","Control",2,"IL.1B","M",12.04,12.04,NA,"Cyno","Dengue virus",4.9,1458
"UG253A","Control",2,"GM.CSF","M",12.88,12.88,NA,"Cyno","Dengue virus",4.9,1458
"UG253A","Control",2,"IL.4","M",38.96,38.96,NA,"Cyno","Dengue virus",4.9,1458
"UG253A","Control",2,"HGF","M",456.02,74.94,0.051499111792215,"Cyno","Dengue virus",4.9,1458
"UG253A","Control",2,"IL.12","M",324.55,112.39,0.093504660107463,"Cyno","Dengue virus",4.9,1458
"UG253A","Control",2,"IL.RA","M",453.43,55.74,1.65461246533353,"Cyno","Dengue virus",4.9,1458
"UG253A","Control",2,"RANTES","M",2166.98,9.09,0.580662448987248,"Cyno","Dengue virus",4.9,1458
"UG253A","Control",2,"IP.10","M",4.38,4.38,0.554430379746835,"Cyno","Dengue virus",4.9,1458
"UG253A","Control",2,"MIP.1a","M",28.54,28.54,1,"Cyno","Dengue virus",4.9,1458
"UG253A","Control",2,"TGFbeta","M",88.63,3.3,1.08164510617525,"Cyno","Dengue virus",4.9,1458
"UG253A","Control",2,"EGF","M",81.71,3.41,1.1897204426325,"Cyno","Dengue virus",4.9,1458
"UG253A","Control",2,"MIG","M",24.23,24.23,0.095150206165325,"Cyno","Dengue virus",4.9,1458
"UG253A","Control",2,"IFN.g","M",30.91,14.44,2.14058171745152,"Cyno","Dengue virus",4.9,1458
"UG253A","Control",2,"IL.10","M",13.57,13.57,NA,"Cyno","Dengue virus",4.9,1458
"UG253A","Control",2,"MIP.1B","M",32.55,32.55,1,"Cyno","Dengue virus",4.9,1458
"UG253A","Control",2,"IL.6","M",7.71,7.71,NA,"Cyno","Dengue virus",4.9,1458
"UG253A","Control",2,"Eotaxin","M",108.22,2.64,0.767572168238882,"Cyno","Dengue virus",4.9,1458
"UG253A","Control",2,"MIF","M",425.25,5.06,4.14594910792629,"Cyno","Dengue virus",4.9,1458
"UG253A","Control",2,"I.TAC","M",150.33,32.66,1.31625952193328,"Cyno","Dengue virus",4.9,1458
"UG253A","Control",2,"IL.8","M",11.68,11.68,NA,"Cyno","Dengue virus",4.9,1458
"UG253A","Control",2,"VEGF","M",1.35,1.35,NA,"Cyno","Dengue virus",4.9,1458
"UG253A","Control",2,"IL.15","M",75.45,75.45,NA,"Cyno","Dengue virus",4.9,1458
"UG253A","Control",2,"IL.17","M",30.96,30.96,NA,"Cyno","Dengue virus",4.9,1458
"UG253A","Control",2,"G.CSF","M",113.59,113.59,0.096929719766529,"Cyno","Dengue virus",4.9,1458
"UG253A","Control",2,"TNF.alpha","M",14.2,14.2,NA,"Cyno","Dengue virus",4.9,1458
"UG253A","Control",2,"IL.5","M",6.45,6.45,NA,"Cyno","Dengue virus",4.9,1458
"UG253A","Control",2,"MCP.1","M",330.06,20.12,0.895417921380321,"Cyno","Dengue virus",4.9,1458
"UG253A","Control",28,"EGF","M",72.91,3.41,1.06158998252766,"Cyno","Dengue virus",11.6,3474
"UG253A","Control",28,"IL.17","M",30.96,30.96,NA,"Cyno","Dengue virus",11.6,3474
"UG253A","Control",28,"MDC","M",1816.55,286.83,0.827057912948461,"Cyno","Dengue virus",11.6,3474
"UG253A","Control",28,"HGF","M",774.3,74.94,0.087443011843147,"Cyno","Dengue virus",11.6,3474
"UG253A","Control",28,"Eotaxin","M",208.93,2.64,1.48187814738634,"Cyno","Dengue virus",11.6,3474
"UG253A","Control",28,"IL.RA","M",55.74,55.74,0.203400963363013,"Cyno","Dengue virus",11.6,3474
"UG253A","Control",28,"MIF","M",208.52,5.06,2.03295310519645,"Cyno","Dengue virus",11.6,3474
"UG253A","Control",28,"I.TAC","M",131.94,32.66,1.15524034672971,"Cyno","Dengue virus",11.6,3474
"UG253A","Control",28,"G.CSF","M",113.59,113.59,0.096929719766529,"Cyno","Dengue virus",11.6,3474
"UG253A","Control",28,"RANTES","M",3561.09,9.09,0.954227191974083,"Cyno","Dengue virus",11.6,3474
"UG253A","Control",28,"MIG","M",24.23,24.23,0.095150206165325,"Cyno","Dengue virus",11.6,3474
"UG253A","Control",28,"IL.2","M",43.77,43.77,1,"Cyno","Dengue virus",11.6,3474
"UG253A","Control",28,"GM.CSF","M",12.88,12.88,NA,"Cyno","Dengue virus",11.6,3474
"UG253A","Control",28,"MIP.1a","M",28.54,28.54,1,"Cyno","Dengue virus",11.6,3474
"UG253A","Control",28,"IL.1B","M",12.04,12.04,NA,"Cyno","Dengue virus",11.6,3474
"UG253A","Control",28,"IL.4","M",38.96,38.96,NA,"Cyno","Dengue virus",11.6,3474
"UG253A","Control",28,"VEGF","M",1.35,1.35,NA,"Cyno","Dengue virus",11.6,3474
"UG253A","Control",28,"TNF.alpha","M",14.2,14.2,NA,"Cyno","Dengue virus",11.6,3474
"UG253A","Control",28,"IL.5","M",6.45,6.45,NA,"Cyno","Dengue virus",11.6,3474
"UG253A","Control",28,"IL.12","M",347.46,112.39,0.100105158530085,"Cyno","Dengue virus",11.6,3474
"UG253A","Control",28,"IFN.g","M",14.44,14.44,1,"Cyno","Dengue virus",11.6,3474
"UG253A","Control",28,"IP.10","M",4.38,4.38,0.554430379746835,"Cyno","Dengue virus",11.6,3474
"UG253A","Control",28,"IL.6","M",7.71,7.71,NA,"Cyno","Dengue virus",11.6,3474
"UG253A","Control",28,"IL.15","M",75.45,75.45,NA,"Cyno","Dengue virus",11.6,3474
"UG253A","Control",28,"IL.10","M",13.57,13.57,NA,"Cyno","Dengue virus",11.6,3474
"UG253A","Control",28,"IL.8","M",11.68,11.68,NA,"Cyno","Dengue virus",11.6,3474
"UG253A","Control",28,"MCP.1","M",408.99,20.12,1.10954667534793,"Cyno","Dengue virus",11.6,3474
"UG253A","Control",28,"MIP.1B","M",32.55,32.55,1,"Cyno","Dengue virus",11.6,3474
"UG253A","Control",28,"TGFbeta","M",92.65,3.3,1.13070539419087,"Cyno","Dengue virus",11.6,3474
"UG253A","Control",3,"EGF","M",101.44,3.41,1.47699475829936,"Cyno","Dengue virus",5.4,1618
"UG253A","Control",3,"IL.17","M",30.96,30.96,NA,"Cyno","Dengue virus",5.4,1618
"UG253A","Control",3,"IL.12","M",415.76,112.39,0.119782768406344,"Cyno","Dengue virus",5.4,1618
"UG253A","Control",3,"IL.4","M",38.96,38.96,NA,"Cyno","Dengue virus",5.4,1618
"UG253A","Control",3,"G.CSF","M",114.88,113.59,0.098030515069802,"Cyno","Dengue virus",5.4,1618
"UG253A","Control",3,"IL.15","M",75.45,75.45,NA,"Cyno","Dengue virus",5.4,1618
"UG253A","Control",3,"GM.CSF","M",12.88,12.88,NA,"Cyno","Dengue virus",5.4,1618
"UG253A","Control",3,"IL.10","M",13.57,13.57,NA,"Cyno","Dengue virus",5.4,1618
"UG253A","Control",3,"MIP.1a","M",28.54,28.54,1,"Cyno","Dengue virus",5.4,1618
"UG253A","Control",3,"MDC","M",1679.03,286.83,0.764446366782007,"Cyno","Dengue virus",5.4,1618
"UG253A","Control",3,"HGF","M",832.62,74.94,0.094029188326025,"Cyno","Dengue virus",5.4,1618
"UG253A","Control",3,"IL.5","M",6.45,6.45,NA,"Cyno","Dengue virus",5.4,1618
"UG253A","Control",3,"Eotaxin","M",132.65,2.64,0.940846868572239,"Cyno","Dengue virus",5.4,1618
"UG253A","Control",3,"IL.2","M",43.77,43.77,1,"Cyno","Dengue virus",5.4,1618
"UG253A","Control",3,"IP.10","M",4.38,4.38,0.554430379746835,"Cyno","Dengue virus",5.4,1618
"UG253A","Control",3,"I.TAC","M",126.7,32.66,1.10935995096752,"Cyno","Dengue virus",5.4,1618
"UG253A","Control",3,"RANTES","M",3099.86,9.09,0.83063632295527,"Cyno","Dengue virus",5.4,1618
"UG253A","Control",3,"TGFbeta","M",115.48,3.3,1.40932389553332,"Cyno","Dengue virus",5.4,1618
"UG253A","Control",3,"MCP.1","M",442.2,20.12,1.19964189794091,"Cyno","Dengue virus",5.4,1618
"UG253A","Control",3,"IFN.g","M",44.15,14.44,3.05747922437673,"Cyno","Dengue virus",5.4,1618
"UG253A","Control",3,"IL.8","M",11.68,11.68,NA,"Cyno","Dengue virus",5.4,1618
"UG253A","Control",3,"IL.RA","M",55.74,55.74,0.203400963363013,"Cyno","Dengue virus",5.4,1618
"UG253A","Control",3,"TNF.alpha","M",14.2,14.2,NA,"Cyno","Dengue virus",5.4,1618
"UG253A","Control",3,"IL.1B","M",12.04,12.04,NA,"Cyno","Dengue virus",5.4,1618
"UG253A","Control",3,"MIF","M",291.04,5.06,2.83747684508141,"Cyno","Dengue virus",5.4,1618
"UG253A","Control",3,"MIP.1B","M",46.56,32.55,1.43041474654378,"Cyno","Dengue virus",5.4,1618
"UG253A","Control",3,"IL.6","M",7.71,7.71,NA,"Cyno","Dengue virus",5.4,1618
"UG253A","Control",3,"MIG","M",24.23,24.23,0.095150206165325,"Cyno","Dengue virus",5.4,1618
"UG253A","Control",3,"VEGF","M",1.35,1.35,NA,"Cyno","Dengue virus",5.4,1618
"UG253A","Control",4,"EGF","M",59.96,3.41,0.873034362259755,"Cyno","Dengue virus",7.4,2219
"UG253A","Control",4,"IL.17","M",30.96,30.96,NA,"Cyno","Dengue virus",7.4,2219
"UG253A","Control",4,"GM.CSF","M",12.88,12.88,NA,"Cyno","Dengue virus",7.4,2219
"UG253A","Control",4,"HGF","M",1050.13,74.94,0.118592961419145,"Cyno","Dengue virus",7.4,2219
"UG253A","Control",4,"Eotaxin","M",92.72,2.64,0.657635293283212,"Cyno","Dengue virus",7.4,2219
"UG253A","Control",4,"MIF","M",195.69,5.06,1.90786779760164,"Cyno","Dengue virus",7.4,2219
"UG253A","Control",4,"MIP.1B","M",32.55,32.55,1,"Cyno","Dengue virus",7.4,2219
"UG253A","Control",4,"IL.1B","M",12.04,12.04,NA,"Cyno","Dengue virus",7.4,2219
"UG253A","Control",4,"G.CSF","M",113.59,113.59,0.096929719766529,"Cyno","Dengue virus",7.4,2219
"UG253A","Control",4,"IL.6","M",7.71,7.71,NA,"Cyno","Dengue virus",7.4,2219
"UG253A","Control",4,"IL.2","M",654.71,43.77,14.9579620744802,"Cyno","Dengue virus",7.4,2219
"UG253A","Control",4,"RANTES","M",2062.16,9.09,0.552574954915847,"Cyno","Dengue virus",7.4,2219
"UG253A","Control",4,"TGFbeta","M",92.91,3.3,1.13387844764462,"Cyno","Dengue virus",7.4,2219
"UG253A","Control",4,"MIP.1a","M",28.54,28.54,1,"Cyno","Dengue virus",7.4,2219
"UG253A","Control",4,"IFN.g","M",40.33,14.44,2.79293628808864,"Cyno","Dengue virus",7.4,2219
"UG253A","Control",4,"IL.RA","M",55.74,55.74,0.203400963363013,"Cyno","Dengue virus",7.4,2219
"UG253A","Control",4,"IL.4","M",38.96,38.96,NA,"Cyno","Dengue virus",7.4,2219
"UG253A","Control",4,"IL.5","M",6.45,6.45,NA,"Cyno","Dengue virus",7.4,2219
"UG253A","Control",4,"IL.10","M",13.57,13.57,NA,"Cyno","Dengue virus",7.4,2219
"UG253A","Control",4,"IP.10","M",7.9,4.38,1,"Cyno","Dengue virus",7.4,2219
"UG253A","Control",4,"IL.12","M",318.8,112.39,0.091848053126666,"Cyno","Dengue virus",7.4,2219
"UG253A","Control",4,"VEGF","M",1.35,1.35,NA,"Cyno","Dengue virus",7.4,2219
"UG253A","Control",4,"MIG","M",214.7,24.23,0.843118005105046,"Cyno","Dengue virus",7.4,2219
"UG253A","Control",4,"I.TAC","M",148.14,32.66,1.29708431836091,"Cyno","Dengue virus",7.4,2219
"UG253A","Control",4,"IL.15","M",75.45,75.45,NA,"Cyno","Dengue virus",7.4,2219
"UG253A","Control",4,"TNF.alpha","M",14.2,14.2,NA,"Cyno","Dengue virus",7.4,2219
"UG253A","Control",4,"IL.8","M",11.68,11.68,NA,"Cyno","Dengue virus",7.4,2219
"UG253A","Control",4,"MDC","M",2004.18,286.83,0.912484064833364,"Cyno","Dengue virus",7.4,2219
"UG253A","Control",4,"MCP.1","M",286.63,20.12,0.777596918151976,"Cyno","Dengue virus",7.4,2219
"UG253A","Control",5,"EGF","M",77.87,3.41,1.13380896913221,"Cyno","Dengue virus",8.1,2429
"UG253A","Control",5,"Eotaxin","M",127.44,2.64,0.903893893183914,"Cyno","Dengue virus",8.1,2429
"UG253A","Control",5,"IL.2","M",43.77,43.77,1,"Cyno","Dengue virus",8.1,2429
"UG253A","Control",5,"IL.15","M",75.45,75.45,NA,"Cyno","Dengue virus",8.1,2429
"UG253A","Control",5,"IFN.g","M",29.23,14.44,2.02423822714681,"Cyno","Dengue virus",8.1,2429
"UG253A","Control",5,"IL.1B","M",12.04,12.04,NA,"Cyno","Dengue virus",8.1,2429
"UG253A","Control",5,"IL.4","M",38.96,38.96,NA,"Cyno","Dengue virus",8.1,2429
"UG253A","Control",5,"IL.17","M",30.96,30.96,NA,"Cyno","Dengue virus",8.1,2429
"UG253A","Control",5,"MIP.1a","M",28.54,28.54,1,"Cyno","Dengue virus",8.1,2429
"UG253A","Control",5,"MCP.1","M",398.25,20.12,1.08041018963132,"Cyno","Dengue virus",8.1,2429
"UG253A","Control",5,"MIP.1B","M",32.55,32.55,1,"Cyno","Dengue virus",8.1,2429
"UG253A","Control",5,"MIF","M",210.13,5.06,2.0486497026421,"Cyno","Dengue virus",8.1,2429
"UG253A","Control",5,"IP.10","M",5.42,4.38,0.686075949367089,"Cyno","Dengue virus",8.1,2429
"UG253A","Control",5,"HGF","M",946.75,74.94,0.106918082736019,"Cyno","Dengue virus",8.1,2429
"UG253A","Control",5,"G.CSF","M",113.59,113.59,0.096929719766529,"Cyno","Dengue virus",8.1,2429
"UG253A","Control",5,"IL.6","M",7.71,7.71,NA,"Cyno","Dengue virus",8.1,2429
"UG253A","Control",5,"I.TAC","M",139.65,32.66,1.2227475702653,"Cyno","Dengue virus",8.1,2429
"UG253A","Control",5,"MIG","M",24.23,24.23,0.095150206165325,"Cyno","Dengue virus",8.1,2429
"UG253A","Control",5,"TGFbeta","M",110.2,3.3,1.34488650231877,"Cyno","Dengue virus",8.1,2429
"UG253A","Control",5,"GM.CSF","M",12.88,12.88,NA,"Cyno","Dengue virus",8.1,2429
"UG253A","Control",5,"IL.8","M",11.68,11.68,NA,"Cyno","Dengue virus",8.1,2429
"UG253A","Control",5,"IL.RA","M",61.2,55.74,0.223325062034739,"Cyno","Dengue virus",8.1,2429
"UG253A","Control",5,"MDC","M",1698.27,286.83,0.773206155527226,"Cyno","Dengue virus",8.1,2429
"UG253A","Control",5,"IL.10","M",13.57,13.57,NA,"Cyno","Dengue virus",8.1,2429
"UG253A","Control",5,"TNF.alpha","M",14.2,14.2,NA,"Cyno","Dengue virus",8.1,2429
"UG253A","Control",5,"IL.5","M",6.45,6.45,NA,"Cyno","Dengue virus",8.1,2429
"UG253A","Control",5,"VEGF","M",1.35,1.35,NA,"Cyno","Dengue virus",8.1,2429
"UG253A","Control",5,"RANTES","M",4271.42,9.09,1.14456672320608,"Cyno","Dengue virus",8.1,2429
"UG253A","Control",5,"IL.12","M",393.07,112.39,0.113245653207335,"Cyno","Dengue virus",8.1,2429
"UG253A","Control",6,"IL.6","M",7.71,7.71,NA,"Cyno","Dengue virus",8.6,2571
"UG253A","Control",6,"IL.8","M",11.68,11.68,NA,"Cyno","Dengue virus",8.6,2571
"UG253A","Control",6,"Eotaxin","M",122.15,2.64,0.866373501666785,"Cyno","Dengue virus",8.6,2571
"UG253A","Control",6,"IL.17","M",30.96,30.96,NA,"Cyno","Dengue virus",8.6,2571
"UG253A","Control",6,"MCP.1","M",419.65,20.12,1.13846612951358,"Cyno","Dengue virus",8.6,2571
"UG253A","Control",6,"IP.10","M",4.38,4.38,0.554430379746835,"Cyno","Dengue virus",8.6,2571
"UG253A","Control",6,"EGF","M",81.81,3.41,1.19117647058824,"Cyno","Dengue virus",8.6,2571
"UG253A","Control",6,"G.CSF","M",113.59,113.59,0.096929719766529,"Cyno","Dengue virus",8.6,2571
"UG253A","Control",6,"GM.CSF","M",12.88,12.88,NA,"Cyno","Dengue virus",8.6,2571
"UG253A","Control",6,"IL.15","M",75.45,75.45,NA,"Cyno","Dengue virus",8.6,2571
"UG253A","Control",6,"HGF","M",782.69,74.94,0.088390508768582,"Cyno","Dengue virus",8.6,2571
"UG253A","Control",6,"MIP.1a","M",28.54,28.54,1,"Cyno","Dengue virus",8.6,2571
"UG253A","Control",6,"IL.1B","M",12.04,12.04,NA,"Cyno","Dengue virus",8.6,2571
"UG253A","Control",6,"MDC","M",1646.61,286.83,0.749685849572027,"Cyno","Dengue virus",8.6,2571
"UG253A","Control",6,"MIG","M",24.23,24.23,0.095150206165325,"Cyno","Dengue virus",8.6,2571
"UG253A","Control",6,"MIP.1B","M",32.55,32.55,1,"Cyno","Dengue virus",8.6,2571
"UG253A","Control",6,"I.TAC","M",135.53,32.66,1.18667367130724,"Cyno","Dengue virus",8.6,2571
"UG253A","Control",6,"IL.2","M",43.77,43.77,1,"Cyno","Dengue virus",8.6,2571
"UG253A","Control",6,"IL.4","M",38.96,38.96,NA,"Cyno","Dengue virus",8.6,2571
"UG253A","Control",6,"RANTES","M",3695.57,9.09,0.990262358952922,"Cyno","Dengue virus",8.6,2571
"UG253A","Control",6,"IFN.g","M",32.03,14.44,2.21814404432133,"Cyno","Dengue virus",8.6,2571
"UG253A","Control",6,"TNF.alpha","M",14.2,14.2,NA,"Cyno","Dengue virus",8.6,2571
"UG253A","Control",6,"IL.10","M",13.57,13.57,NA,"Cyno","Dengue virus",8.6,2571
"UG253A","Control",6,"TGFbeta","M",104.5,3.3,1.27532340737125,"Cyno","Dengue virus",8.6,2571
"UG253A","Control",6,"IL.RA","M",55.74,55.74,0.203400963363013,"Cyno","Dengue virus",8.6,2571
"UG253A","Control",6,"IL.5","M",6.45,6.45,NA,"Cyno","Dengue virus",8.6,2571
"UG253A","Control",6,"MIF","M",222.94,5.06,2.17354002144877,"Cyno","Dengue virus",8.6,2571
"UG253A","Control",6,"IL.12","M",410.09,112.39,0.118149209870497,"Cyno","Dengue virus",8.6,2571
"UG253A","Control",6,"VEGF","M",1.35,1.35,NA,"Cyno","Dengue virus",8.6,2571
"UG253A","Control",7,"EGF","M",45.27,3.41,0.659143855562027,"Cyno","Dengue virus",10.4,3121
"UG253A","Control",7,"MIF","M",91.36,5.06,0.890708784244906,"Cyno","Dengue virus",10.4,3121
"UG253A","Control",7,"Eotaxin","M",94.75,2.64,0.672033477551599,"Cyno","Dengue virus",10.4,3121
"UG253A","Control",7,"IL.2","M",43.77,43.77,1,"Cyno","Dengue virus",10.4,3121
"UG253A","Control",7,"MCP.1","M",210.94,20.12,0.572257941998318,"Cyno","Dengue virus",10.4,3121
"UG253A","Control",7,"IL.4","M",38.96,38.96,NA,"Cyno","Dengue virus",10.4,3121
"UG253A","Control",7,"G.CSF","M",113.59,113.59,0.096929719766529,"Cyno","Dengue virus",10.4,3121
"UG253A","Control",7,"MIP.1a","M",42.35,28.54,1.48388227049755,"Cyno","Dengue virus",10.4,3121
"UG253A","Control",7,"MDC","M",1216.19,286.83,0.553719723183391,"Cyno","Dengue virus",10.4,3121
"UG253A","Control",7,"IL.10","M",13.57,13.57,NA,"Cyno","Dengue virus",10.4,3121
"UG253A","Control",7,"IFN.g","M",14.44,14.44,1,"Cyno","Dengue virus",10.4,3121
"UG253A","Control",7,"IL.5","M",6.45,6.45,NA,"Cyno","Dengue virus",10.4,3121
"UG253A","Control",7,"MIP.1B","M",40.17,32.55,1.23410138248848,"Cyno","Dengue virus",10.4,3121
"UG253A","Control",7,"IL.1B","M",12.04,12.04,NA,"Cyno","Dengue virus",10.4,3121
"UG253A","Control",7,"HGF","M",74.94,74.94,0.008463101262463,"Cyno","Dengue virus",10.4,3121
"UG253A","Control",7,"I.TAC","M",152.93,32.66,1.33902460380002,"Cyno","Dengue virus",10.4,3121
"UG253A","Control",7,"RANTES","M",2773.14,9.09,0.743088659694366,"Cyno","Dengue virus",10.4,3121
"UG253A","Control",7,"MIG","M",24.23,24.23,0.095150206165325,"Cyno","Dengue virus",10.4,3121
"UG253A","Control",7,"IL.15","M",75.45,75.45,NA,"Cyno","Dengue virus",10.4,3121
"UG253A","Control",7,"IL.8","M",11.68,11.68,NA,"Cyno","Dengue virus",10.4,3121
"UG253A","Control",7,"TGFbeta","M",50.88,3.3,0.620942152794728,"Cyno","Dengue virus",10.4,3121
"UG253A","Control",7,"GM.CSF","M",12.88,12.88,NA,"Cyno","Dengue virus",10.4,3121
"UG253A","Control",7,"IL.17","M",30.96,30.96,NA,"Cyno","Dengue virus",10.4,3121
"UG253A","Control",7,"IL.RA","M",155.7,55.74,0.568165231353087,"Cyno","Dengue virus",10.4,3121
"UG253A","Control",7,"TNF.alpha","M",14.2,14.2,NA,"Cyno","Dengue virus",10.4,3121
"UG253A","Control",7,"VEGF","M",1.35,1.35,NA,"Cyno","Dengue virus",10.4,3121
"UG253A","Control",7,"IL.6","M",7.71,7.71,NA,"Cyno","Dengue virus",10.4,3121
"UG253A","Control",7,"IL.12","M",324.5,112.39,0.09349025482937,"Cyno","Dengue virus",10.4,3121
"UG253A","Control",7,"IP.10","M",4.38,4.38,0.554430379746835,"Cyno","Dengue virus",10.4,3121
