ID	Sex	Original Treatment	Final Treatment	Day Post-Infection	Date	Number of IT-injected mosquitoes that fed	Number of IT-injected mosquitoes that fed and survived to assay	Number of mosquitoes with detectable DENV-2 in collected saliva	Number  IT-injected mosquitoes with saliva positive for DENV-2 after one passage of saliva in C6/36 cells	% IT-injected mosquitoes with saliva positive for DENV-2 after one passage of saliva in C6/36 cells	Estimated titer delivered	Corrected estimated titer delivered (log10)	PRNT50	PRNT80	PRNT90	Viremia (log10pfu/ml)	Viremia detected after 1 passage?	Viremia deduced	Number of mosquitoes that engorged	Number of mosquitoes that engorged AND survived to titer	Number of mosquitoes with detectable body infection	Number of mosquitoes with detectable leg infection	% mosquitoes infected (body)	% mosquitoes infected (legs)	% mosquitoes infected (body or legs)	Mean titer of infected mosquitoes (bodies)	SE of mean titer of infected mosquitoes (bodies)	Mean titer of infected mosquitoes (legs)	SE of mean titer of infected mosquitoes (legs)	Weight (kg)	WBC	LYM	MON	NEU	LYM%	MON%	NEU%	RBC	HGB	HCT	MCH	MCV	MCHC	RDWc	RDWs	PLT	MPV	PCT	PDWc	PDWs	PrVW	PrVR	PrVE	WBC Lyse	Lyse2	% NK cells	Number NK cells	TGFbeta	IL-1B	G-CSF	IL-10	IL-6	IL-12	RANTES	Eotaxin	IL-17	MIP-1a	GM-CSF	MIP-1B	MCP-1	IL-15	EGF	IL-5	HGF	VEGF	IFN-g	MDC	I-TAC	MIF	IL-RA	TNF-alpha	IL-2	IP-10	MIG	IL-4	IL-8	ALB (g/dL)	ALP(U/L)	ALT(U/L)	AMY(U/L)	TBIL(mg/dL)	BUN(mg/dL)	CA(mg/dL)	PHOS(mg/dL)	CRE(mg/dL)	GLU(mg/dL)	Na(mmol/L)	K(mmol/L)	TP(g/dL)	GLOB(g/dL)	QC	EOS	BAS	EOS %	BAS %
NV289	M	Control	Control	-20	2020-10-20																									4.4																																																																											
UG171	F	Control	Control	-20	2020-10-20																									2.9																																																																											
NV259	F	Control	Control	-20	2020-10-20																									3.5																																																																											
SB393	M	1 Mosquito	1 Mosquito	-20	2020-10-20																									3.5																																																																											
FR469A	M	1 Mosquito	1 Mosquito	-20	2020-10-20																									3.2																																																																											
UG253A	M	1 Mosquito	Control	-20	2020-10-20																									3																																																																											
BC407	F	1 Mosquito	1 Mosquito	-20	2020-10-20																									3																																																																											
CP60	F	1 Mosquito	1 Mosquito	-20	2020-10-20																									3.2																																																																											
BC116A	M	10 Mosquitos	10 Mosquitos	-20	2020-10-20																									3.2																																																																											
FR423A	M	10 Mosquitos	10 Mosquitos	-20	2020-10-20																									3.3																																																																											
SB395	F	10 Mosquitos	10 Mosquitos	-20	2020-10-20																									3.2																																																																											
FR840	F	10 Mosquitos	10 Mosquitos	-20	2020-10-20																									3.5																																																																											
BC167	F	10 Mosquitos	10 Mosquitos	-20	2020-10-20																									3.2																																																																											
NV289	M	Control	Control	-10	2020-10-30								19	19	19																																																																																										
UG171	F	Control	Control	-10	2020-10-30								19	19	19																																																																																										
NV259	F	Control	Control	-10	2020-10-30								19	19	19																																																																																										
SB393	M	1 Mosquito	1 Mosquito	-10	2020-10-30								19	19	19																																																																																										
FR469A	M	1 Mosquito	1 Mosquito	-10	2020-10-30								19	19	19																																																																																										
UG253A	M	1 Mosquito	Control	-10	2020-10-30								19	19	19																																																																																										
BC407	F	1 Mosquito	1 Mosquito	-10	2020-10-30								19	19	19																																																																																										
CP60	F	1 Mosquito	1 Mosquito	-10	2020-10-30								19	19	19																																																																																										
BC116A	M	10 Mosquitos	10 Mosquitos	-10	2020-10-30								19	19	19																																																																																										
FR423A	M	10 Mosquitos	10 Mosquitos	-10	2020-10-30								19	19	19																																																																																										
SB395	F	10 Mosquitos	10 Mosquitos	-10	2020-10-30								19	19	19																																																																																										
FR840	F	10 Mosquitos	10 Mosquitos	-10	2020-10-30								19	19	19																																																																																										
BC167	F	10 Mosquitos	10 Mosquitos	-10	2020-10-30								19	19	19																																																																																										
NV289	M	Control	Control	-7	2020-11-02																										8.36	3.29	0.08	3.99	39.3	1	47.7	5.88	12.1	37.07	63	20.6	32.6	17.2	41.4	285	9.5	0.27	37.4	15.5	359/361	339/341	288/291	0.7	3.5			74.51	9.79	56.8	3.1	8.56	1208.31	3492.46	238.07	15.5	44.51	16.13	390.42	1337.16	37.7	74.83	3.66	522.99	0.67	204.87	1062.19	130.27	114.24	191.87	17.06	21.9	8.76	12.12	19.48	17.91	4.4	388	26	257	0.4	24	9.7	5.7	0.9	65	143	4.1	7.7	3.2	OK	0.88	0.13	10.5	1.5
UG171	F	Control	Control	-7	2020-11-02																										11.78	3.26	0.19	7.09	27.7	1.6	60.2	6.4	12.1	37.83	59	18.9	32	17.4	39.1	258	10.2	0.26	39.3	18.1	355/357	337/339	286/290	0.7	3.5			83.08	6.5	140.01	6.8	6.52	523.59	3252.36	196.23	15.5	42.18	2.02	81.43	631.87	37.7	113.85	3.59	695.62	0.67	53.64	1697.66	196.42	461.17	240.68	5.96	21.9	6.21	12.12	19.48	8.28	4.4	431	141	222	0.4	22	10.1	5.6	0.4	68	141	4	7.8	3.4	OK	1.05	0.18	8.9	1.5
NV259	F	Control	Control	-7	2020-11-02																										9.83	3.12	0.1	5.18	31.7	1.1	52.7	6.21	11.7	36.64	59	18.8	31.9	17.4	39.1	313	10	0.31	39.6	18.7	356/358	338/340	287/290	0.7	3.5			98.31	4.31	117.45	6.8	5.45	3090.37	3273.03	271.82	15.5	14.27	3.03	64.19	557.81	37.7	116.48	2.09	813.52	0.67	28.96	1761.65	183.96	156.22	180.4	13.3	21.9	2.19	12.12	19.48	2.67	4.3	263	26	313	0.4	27	10	5.4	0.6	61	138	4.3	7.5	3.2	OK	1.28	0.15	13	1.5
SB393	M	1 Mosquito	1 Mosquito	-7	2020-11-02																										8.98	2.89	0.07	4.71	32.2	0.7	52.4	6.01	12.6	38.71	64	20.9	32.5	18	44.5	314	9.9	0.31	37.8	16.1	356/358	338/340	287/291	0.7	3.5			61.37	9.05	42.63	6.8	8.11	2611.85	5949.83	248.81	15.5	47.07	14.3	115.3	861.21	37.7	86.71	3.74	1000.2	0.67	85.76	1091.12	178.69	373.63	336.22	16.19	744.24	2.19	12.12	19.48	14.93	4.4	622	32	212	0.3	23	11.1	6.3	0.5	56	146	4.5	7.3	3	OK	1.18	0.13	13.2	1.5
FR469A	M	1 Mosquito	1 Mosquito	-7	2020-11-02																										10.74	5.71	0.16	3.93	53.2	1.5	36.6	6.59	13.2	40.73	62	20.1	32.5	16.9	40.6	311	8.8	0.27	36.9	14.9	357/359	338/340	287/290	0.7	3.5			251.98	8.51	206.16	6.8	6.52	2321.15	4088.04	221.02	15.5	56.41	3.84	207.64	475.95	48.5	153.46	3.64	988.55	0.67	273.89	1399.43	171.47	145.71	265.11	11.81	21.9	12.1	12.12	4.54	126.69	4.6	348	59	200	<0.1	30	10.2	5.7	0.8	54	143	4.5	7.8	3.2	OK	0.78	0.16	7.2	1.5
UG253A	M	1 Mosquito	Control	-7	2020-11-02																										11.47	4.26	0.29	5.8	37.2	2.5	50.6	6.38	13	40.51	64	20.3	32	16.7	40.6	260	10.7	0.28	38.1	16.4	357/360	339/340	288/291	0.7	3.5			81.94	3.25	1171.88	6.8	4.57	3470.95	3731.91	140.99	15.5	16.95	6.44	24.68	368.61	880.32	68.68	1.42	8854.91	0.67	7.22	2196.4	114.21	102.57	274.04	7.1	21.9	7.9	254.65	19.48	5.84	4.4	573	62	175	0.2	24	10.3	6.5	0.6	75	145	5.2	8	3.6	OK	0.95	0.17	8.3	1.5
BC407	F	1 Mosquito	1 Mosquito	-7	2020-11-02																										9.03	2.58	0.1	5.33	28.5	1.1	59.1	6.74	12.5	38.81	58	18.5	32.2	19	42.2	403	9.3	0.38	36.9	14.9	352/355	336/338	280/284	0.7	3.5			157.94	2.33	243.55	6.8	2.8	1847.05	2747.39	513.82	15.5	89.34	87.26	74.36	884.05	37.7	37.34	0.52	2505.39	0.67	206.85	1586.99	262.5	283.61	214.41	7.08	715.93	26.77	86.69	19.48	5.84	4.3	244	167	226	0.4	22	10	7.1	0.9	56	142	4.2	7.7	3.5	OK	0.88	0.14	9.8	1.5
CP60	F	1 Mosquito	1 Mosquito	-7	2020-11-02																										5.72	2.44	0.05	2.71	42.6	0.9	47.3	6.27	12.2	37.09	59	19.4	32.9	17.8	40.6	237	8.2	2	37.7	14.6	358/360	339/341	288/292	0.7	3.5			132.34	5.66	172.38	6.8	5.45	1029.51	3897.5	167.18	15.5	32.3	4.46	147.48	700.61	37.7	85.38	1.52	1552.87	0.67	237.72	899.29	118.2	211.96	16.8	17.82	21.9	2.19	117.71	19.48	5.84	4.6	383	63	294	0.3	19	10	5.3	0.5	54	144	3.9	8	3.4	OK	0.44	0.09	7.7	1.5
BC116A	M	10 Mosquitos	10 Mosquitos	-7	2020-11-02																										12.08	5.79	0.23	4.77	47.9	1.9	39.5	6.91	14.4	42.9	62	20.8	33.5	16.3	39.1	365	10.4	0.38	38.9	17.6	353/357	337/339	281/285	0.7	3.5			41.09	8.58	56.8	6.8	11.18	863.06	4421.03	113.29	15.5	7.74	8.36	64.86	724.03	37.7	28.12	3.29	88.33	0.67	7.22	981.73	160.18	130.78	203.66	14.57	21.9	2.19	12.12	19.48	7.31	4.4	507	50	258	0.3	16	10.3	7	0.4	61	146	4.5	7.4	3	OK	1.11	0.18	9.2	1.5
FR423A	M	10 Mosquitos	10 Mosquitos	-7	2020-11-02																										12.87	3.5	0.17	7.59	27.2	1.3	59	7.23	12.6	39.7	55	17.4	31.7	19.9	41.4	284	0	0.28	39.6	18.7	357/360	339/341	288/292	0.7	3.5			89.06	7.65	173.87	6.8	7.53	941.03	3438.58	219.62	15.5	44.25	3.25	54.25	435.21	37.7	89.54	3.26	681.8	0.67	19.14	1456.56	480.57	231.97	250.2	5.26	21.9	9.29	12.12	19.48	9.47	4.1	538	224	184	0.4	16	10	7.8	0.6	57	145	4.7	7.5	3.4	OK	1.42	0.19	11	1.5
SB395	F	10 Mosquitos	10 Mosquitos	-7	2020-11-02																										15.69	2.53	0.11	10.78	16.2	0.7	68/7	6.38	12.5	39.82	63	19.6	31.3	17.2	41.4	329	10	0.33	39.2	16.7	356/358	338/340	287/290	0.7	3.5			139.32	3.34	120.44	6.8	5.3	2105.6	3863.59	227.38	15.5	14.27	6.44	94.7	592.16	37.7	115.55	1.36	1068.09	0.67	146.63	1016.92	171.02	257.89	239.83	13.46	21.9	2.19	12.12	19.48	5.84	4.7	353	25	305	0.4	26	10.3	4.1	0.7	57	142	4.2	7.8	3.1	OK	2.03	0.24	12.9	1.5
FR840	F	10 Mosquitos	10 Mosquitos	-7	2020-11-02																										10.64	2.52	0.09	5.81	23.7	0.8	54.6	5.38	10.9	35.04	65	20.3	31.1	17.8	44.5	432	11.1	0.48	40.6	20.5	355/356	337/340	286/290	0.7	3.5			68.19	0.26	3.06	6.8	1.41	290	2363.69	265.75	15.5	14.27	6.44	16.27	427.21	37.7	43.99	3.22	202.52	0.67	7.22	1320.73	194.41	71	27.77	7.1	21.9	2.19	12.12	19.48	23.01	4.1	147	55	314	0.3	17	9.8	5.8	0.5	49	144	4.4	7.3	3.3	OK	2.06	0.16	19.4	1.5
BC167	F	10 Mosquitos	10 Mosquitos	-7	2020-11-02																										14.29	3.36	0.1	9.36	23.5	0.7	65.5	5.8	11.7	36.14	62	20.2	32.3	16.7	39.8	338	9.3	0.31	36.7	14.6	356/358	338/340	285/289	0.7	3.5			136.38	5.3	52.26	6.8	4.27	1023.19	5492.69	234.38	15.5	44.06	9.78	97.55	559.84	37.7	75.15	2.78	327.19	0.67	121.27	1115.78	114.3	56.96	245.85	8.83	21.9	1.08	12.12	14.44	11.92	4.2	218	79	240	0.4	20	10	6	0.9	55	141	4.2	7.2	3	OK	1.25	0.21	8.8	1.5
NV289	M	Control	Control	0	2020-11-09	8	8	0	0	0	0	0				0	N	0												4.5																										9.5	2857																																																
UG171	F	Control	Control	0	2020-11-09	5	3	0	0	0	0	0				0	N	0												2.8																										0.5	147																																																
NV259	F	Control	Control	0	2020-11-09	9	8	0	0	0	0	0				0	N	0												3.7																										4.1	1271																																																
SB393	M	1 Mosquito	1 Mosquito	0	2020-11-09	1	1	0	0	0	0	1.30102999566398				0	N	0												3.5																										8.6	2587																																																
FR469A	M	1 Mosquito	1 Mosquito	0	2020-11-09	1	1	0	1	100	0	1.30102999566398				0	N	0												3.1																										7.9	2404																																																
UG253A	M	1 Mosquito	Control	0	2020-11-10	1	0	0	0	0	0	0				0	N	0												3																										3	907																																																
BC407	F	1 Mosquito	1 Mosquito	0	2020-11-10	1	1	0	1	100	0	1.30102999566398				0	N	0												3.2																										3.6	1066																																																
CP60	F	1 Mosquito	1 Mosquito	0	2020-11-09	1	1	0	1	100	0	1.30102999566398				0	N	0												3.1																										0.4	125																																																
BC116A	M	10 Mosquitos	10 Mosquitos	0	2020-11-09	7	7	0	6	86	0	2.07918124604762				0	N	0												3.2																										5	1534																																																
FR423A	M	10 Mosquitos	10 Mosquitos	0	2020-11-09	8	8	0	5	63	0	2				0	N	0												3.2																										0.1	16																																																
SB395	F	10 Mosquitos	10 Mosquitos	0	2020-11-09	8	8	0	3	38	0	1.77815125038364				0	N	0												3.3																										2.2	671																																																
FR840	F	10 Mosquitos	10 Mosquitos	0	2020-11-09	9	9	0	4	44	0	1.90308998699194				0	N	0												3.8																										4.1	1324																																																
BC167	F	10 Mosquitos	10 Mosquitos	0	2020-11-09	7	7	0	3	43	0	1.77815125038364				0	N	0												3.1																										0.2	54																																																
NV289	M	Control	Control	1	2020-11-10											0	N	0	9	8	0	0	0	0	0	0	0	0	0	4.6																										4	1186	72.89	9.54	56.8	0.44	10.97	1150.61	3103.75	219.46	15.5	39.18	19.59	440.42	1362.8	37.7	108.64	3.63	651.72	0.67	183.71	884.81	95.32	189.8	210.52	16.46	94.58	7.73	12.12	19.48	12.43																			
UG171	F	Control	Control	1	2020-11-10											0	N	0	7	5	0	0	0	0	0	0	0	0	0	3																										0.8	239	67.23	10.25	1357.74	6.8	9.63	4230.83	3950.3	71.16	15.5	76.53	9.9	60.62	263.54	1146.73	116.9	4.37	9342.52	0.67	10.29	2109.43	94.15	295.63	323.05	9.71	21.9	12.7	300.68	11.03	7.5																			
NV259	F	Control	Control	1	2020-11-10											0	N	0	6	5	0	0	0	0	0	0	0	0	0	3.8																										4.7	1405	95.01	5	146.82	6.8	5.71	2839.48	4176.53	155.42	15.5	40.28	3.44	65.18	453.84	37.7	129.66	1.99	879.8	0.67	35.42	1605.32	108.51	201.43	180.96	12.69	21.9	1.96	12.12	19.48	5.84																			
SB393	M	1 Mosquito	1 Mosquito	1	2020-11-10											0	N	0	7	5	0	0	0	0	0	0	0	0	0	3.5																										6.9	2079	79.93	10.15	138.97	6.8	9.44	2740.92	6123.39	266.59	15.5	48.74	15.39	124.51	676.43	37.7	125.89	3.5	1203.77	0.67	114.86	1141.37	189.37	549.65	276.69	19.37	744.24	1.41	12.12	19.48	14.62																			
FR469A	M	1 Mosquito	1 Mosquito	1	2020-11-10											0	N	0	7	5	0	0	0	0	0	0	0	0	0	3.2																										5	1490	177.55	7.61	201.23	6.8	6.18	1798.79	4514.99	198.72	15.5	51.2	4.13	109.1	403.14	37.7	130.79	3.23	877.65	0.67	178.72	1237.28	122.96	156.82	264.68	10.04	21.9	9.87	12.12	4.75	21.59																			
UG253A	M	1 Mosquito	Control	1	2020-11-11											0	N	0	5	4	0	0	0	0	0	0	0	0	0	3																										7.6	2303	115.71	2.08	104.28	6.8	5.37	600.79	3626.97	112.89	15.5	20.03	6.44	44.18	503.55	37.7	110.81	1.54	906.35	0.67	65.51	1640.07	113.37	487.27	240.31	7.1	21.9	4.92	12.12	19.48	0.38																			
BC407	F	1 Mosquito	1 Mosquito	1	2020-11-11											0	N	0	6	5	0	0	0	0	0	0	0	0	0	3.2																										11	3431	120.82	1.55	103.21	6.8	1.88	1646.89	4043.63	210.66	15.5	22.91	46.93	15.68	689.71	37.7	59.72	0.92	1227.96	0.67	68.66	1580.26	252	402.07	290.5	7.1	286.93	5.42	12.12	19.48	5.84																			
CP60	F	1 Mosquito	1 Mosquito	1	2020-11-10											0	N	0	6	5	0	0	0	0	0	0	0	0	0	3.2																										1.24	334	157.67	6.6	214.48	6.8	4.99	1465.94	4127.79	164.91	15.5	84.37	5.29	152.28	871.57	37.7	130.49	1.24	1892.8	0.67	357.58	1263.63	122.58	374.58	51.04	19.17	21.9	2.19	153.92	19.48	5.84																			
BC116A	M	10 Mosquitos	10 Mosquitos	1	2020-11-10											0	N	0	7	7	0	0	0	0	0	0	0	0	0	3.3																										2.1	628	56.98	10.6	56.8	6.8	10.11	943.4	5331.45	64.07	15.5	38.27	13.94	67.93	549.39	37.7	70.03	3.47	351.72	0.67	30.01	1296.41	157.2	161.47	247.33	15.78	21.9	1.41	12.12	19.48	7.6																			
FR423A	M	10 Mosquitos	10 Mosquitos	1	2020-11-10											0	N	0	8	4	0	0	0	0	0	0	0	0	0	3.4																										0.2	66	80.24	8.38	178.88	6.8	6.12	871.62	3447.52	135.28	15.5	46.77	4.64	61.19	194.24	37.7	100.64	3.39	716.26	0.67	23.87	1399.43	130.85	243.52	157.64	5.48	21.9	8.46	12.12	2.63	5.84																			
SB395	F	10 Mosquitos	10 Mosquitos	1	2020-11-10											0	N	0	8	7	0	0	0	0	0	0	0	0	0	3.4																										2.6	767	83.86	2.78	65.07	6.8	4.99	1465.94	3606.33	87.06	15.5	14.27	6.44	55.92	220.61	37.7	59.82	1.57	409.01	0.67	56.03	742.66	164.8	143.84	156.85	10.52	21.9	2.19	12.12	19.48	5.84																			
FR840	F	10 Mosquitos	10 Mosquitos	1	2020-11-10											0	N	0	9	7	0	0	0	0	0	0	0	0	0	3.9																										3	909	51.33	6.02	56.8	6.8	0.73	56.19	1862.28	123.66	15.5	14.27	6.44	16.27	260.61	37.7	46.3	0.78	213.67	0.67	7.22	917.64	178.82	117.73	27.77	7.1	44.05	2.19	12.12	19.48	18.91																			
BC167	F	10 Mosquitos	10 Mosquitos	1	2020-11-10											0	N	0	8	5	0	0	0	0	0	0	0	0	0	3.2																										0.5	153	146.91	4.94	78.07	6.8	4.69	1003.15	3622.23	131.51	15.5	60.05	4.55	123.67	550.95	92.96	80.66	3.02	743.03	0.67	168.68	952.38	93.84	105.86	204.1	8.32	21.9	3.63	12.12	16.24	11																			
NV289	M	Control	Control	2	2020-11-11											0	N	0	6	5	0	0	0	0	0	0	0	0	0	4.7																										7.3	2307	72.89	10.6	56.8	3.6	7.9	1167.91	3269.96	164.58	15.5	55.21	21.61	390.08	1480.49	37.7	109.59	3.71	637.6	0.67	204.03	846.94	106.41	195.02	150.27	16.39	56.18	9.82	12.12	19.48	16.31																			
UG171	F	Control	Control	2	2020-11-11											0	N	0	5	4	0	0	0	0	0	0	0	0	0	2.9																										0.6	184	88.08	11.87	1358.41	6.8	9.03	4317.87	11701.86	85.63	15.5	76.11	8.39	68.08	277.95	1179.49	151.72	4	9661.96	0.67	30.86	2324.16	145.97	412.33	392.71	11.47	21.9	13.55	291.99	8.97	9.64																			
NV259	F	Control	Control	2	2020-11-11											0	N	0	5	4	0	0	0	0	0	0	0	0	0	3.7																										6.1	1909	80.99	4.73	123.42	6.8	5.89	2953.27	4098.24	124.63	15.5	87.48	3.34	79.45	439.92	37.7	136.56	2.43	705.73	0.67	40.42	1475.78	120.83	321.19	180.4	11.88	21.9	2.57	12.12	19.48	1.75																			
SB393	M	1 Mosquito	1 Mosquito	2	2020-11-11													0	8	7	0	0	0	0	0	0	0	0	0	3.5																										6.9	2164	72.71	9.79	130.46	6.8	9.14	2934.75	6522.77	73.15	15.5	70.82	16.98	126.71	535.99	37.7	121.22	3.79	1099.34	0.67	59.68	1062.19	166.49	531.73	232.74	18.76	907.45	3.97	12.12	19.48	15.41																			
FR469A	M	1 Mosquito	1 Mosquito	2	2020-11-11											0	N	0	7	5	0	0	0	0	0	0	0	0	0	3.2																										6.2	1896	79.97	4.98	157.89	6.8	6.26	1422.56	2608.54	270.4	15.5	55.01	47.25	39.57	467.89	37.7	16.53	3.35	723.12	0.67	37	1270.15	371.97	1014.07	1164.7	5.58	298.17	6.38	12.12	1.46	7.98																			
UG253A	M	1 Mosquito	Control	2	2020-11-12											0	N	0	8	2	0	0	0	0	0	0	0	0	0	2.9																										4.9	1458	88.63	1.3	48.63	6.8	2.36	324.55	2166.98	108.22	15.5	14.27	6.44	3.49	330.06	37.7	81.71	0.61	456.02	0.67	30.91	1281.4	150.33	425.25	453.43	7.1	21.9	2.19	12.12	19.48	5.84																			
BC407	F	1 Mosquito	1 Mosquito	2	2020-11-12											0	N	0	6	5	0	0	0	0	0	0	0	0	0	3.1																										5.3	1590	91.85	0.15	45.08	6.8	2.21	1482.74	2285.79	275.31	15.5	9.71	38.79	16.27	587.35	37.7	1.7	1.08	723.55	0.67	32.59	1199.55	311.48	932.2	866.37	7.1	166.25	0.77	12.12	19.48	3.41																			
CP60	F	1 Mosquito	1 Mosquito	2	2020-11-11											0	N	0	10	7	0	0	0	0	0	0	0	0	0	3.2																										0.9	286	128.85	5.21	142	6.8	14.1	1365.62	3631.13	131.12	15.5	59.99	4.05	127.52	755.68	37.7	91.3	1.43	1756.83	0.67	243.17	919.31	99.02	378.63	28.7	16.74	21.9	2.19	125.66	19.48	5.84																			
BC116A	M	10 Mosquitos	10 Mosquitos	2	2020-11-11											0	N	0	8	7	0	0	0	0	0	0	0	0	0	3.2																										2.2	681	57.62	9.76	56.8	6.8	8.73	822.95	6230.68	71.09	15.5	32.54	13.47	55.57	395.02	37.7	71.42	3.24	382.2	0.67	12.52	1247.53	187.53	184.05	201.53	17.4	21.9	1.67	12.12	19.48	7.75																			
FR423A	M	10 Mosquitos	10 Mosquitos	2	2020-11-11											0	N	0	7	4	0	0	0	0	0	0	0	0	0	3.4																										0.1	36	69.27	6.88	155.35	6.8	5.98	681.8	2969.64	117.06	15.5	35.74	2.11	55.12	192.46	37.7	97.37	2.97	421.73	0.67	5.28	1328.75	112.76	275.91	215.42	3.78	21.9	6.46	12.12	19.48	5.52																			
SB395	F	10 Mosquitos	10 Mosquitos	2	2020-11-11											0	N	0	7	6	0	0	0	0	0	0	0	0	0	3.4																										2.8	886	91.15	2.7	68.39	6.8	5.58	1289.96	4208.04	119.09	15.5	14.27	6.44	51.9	378.44	37.7	85.84	1.45	546.21	0.67	81.36	958.84	208.2	222.45	154.49	11.22	21.9	2.19	12.12	19.48	5.84																			
FR840	F	10 Mosquitos	10 Mosquitos	2	2020-11-11											0	N	0	8	4	0	0	0	0	0	0	0	0	0	3.9																										3.1	946	54.46	0.23	56.8	6.8	1.46	336.02	2883.62	100.28	15.5	14.27	6.44	16.27	371.77	37.7	32.69	0.59	369.45	0.67	23.54	1085.4	148.42	195.69	73.53	7.1	21.9	4.11	12.12	19.48	5.81																			
BC167	F	10 Mosquitos	10 Mosquitos	2	2020-11-11											0	N	0	7	6	0	0	0	0	0	0	0	0	0	3.2																										1.2	372	150.52	4.9	76.08	6.8	3.96	1059.29	2563.92	66.55	15.5	64.18	5.37	142.43	583.75	140.73	76.07	3.08	804.59	0.67	209.48	937.13	86.5	180.48	451.66	8.76	21.9	2.57	12.12	15.58	9.2																			
NV289	M	Control	Control	3	2020-11-12											0	N	0	7	3	0	0	0	0	0	0	0	0	0	4.7	8.1	3.31	0.06	4.73	40.8	0.7	58.4	5.89	12.2	37.64	20.8	64	32.5	16.7	40.6	228	9.2	0.21	36.9	14.9				0.5	0	7.6	2322	59.1	9.66	56.8	6.07	9.06	1139.08	2439.64	150.36	3.19	51.21	20.85	377.51	1309.92	37.7	91.33	4.08	351.72	0.67	151.25	801.01	109.84	161.47	189.15	16.19	250.78	9.14	12.12	19.48	15.56	4.5	383	32	237	0.5	22	9.8	5.4	0.8	61	140	4.3	8	3.5	OK				
UG171	F	Control	Control	3	2020-11-12											0	N	0	7	7	0	0	0	0	0	0	0	0	0	3	6.24	2.88	0.05	3.31	46.2	0.7	53	6.03	11.6	36.25	19.3	60	32.1	17.6	39.8	283	9.5	0.27	37.8	16.1				0.5	0	0.5	154	83.84	11.91	1401.33	0.73	9.06	4336.21	4493.09	181.67	15.5	79.4	9.03	63.21	349.77	1174.4	116.9	4.14	9593.96	0.67	24.65	2329.73	145.14	1072.64	661.79	11.31	21.9	13.35	349.83	19.86	10.58	4.3	408	76	225	0.4	22	9.8	5	0.7	57	141	4.7	7.9	3.5	OK				
NV259	F	Control	Control	3	2020-11-12											0	N	0	5	2	0	0	0	0	0	0	0	0	0	3.7	5.6	1.42	1.25	2.92	25.4	22.4	52.2	6.06	11.8	36.43	19.5	60	32.4	17.2	39.1	148	9.5	0.14	37.4	15.5				0.5	0	6	1786	98.31	5.12	135.21	6.8	5.17	2486.54	4260.48	149.41	15.5	111.63	4.67	76.55	470.99	37.7	131.73	1.61	906.11	0.67	27.52	1392.48	138.81	240.22	180.4	13.15	21.9	2.17	12.12	19.48	0.33	4.3	234	40	305	0.4	25	9.6	5.8	0.5	60	140	5	7.8	3.4	OK				
SB393	M	1 Mosquito	1 Mosquito	3	2020-11-12											0	N	0	7	6	0	0	0	0	0	0	0	0	0	3.2	15.39	7.11	0.1	8.19	46.2	0.6	53.2	5.23	11.2	32.5	21.4	62	34.4	17.4	41.4	414	9.6	0.4	36.7	14.6				0.5	0	9.7	2901	75.23	10.31	169.19	6.8	9.06	2981.78	6160.37	296.69	15.5	55.21	17.35	133.67	601.99	37.7	136.5	3.76	1216.73	0.67	56.95	1148.51	201.85	655.61	201.53	19.03	628.39	1.28	12.12	19.48	18.55	4.4	560	48	226	0.3	18	10.1	5.8	0.5	72	143	4.6	7.1	2.7	OK				
FR469A	M	1 Mosquito	1 Mosquito	3	2020-11-12											0	N	0	6	4	0	0	0	0	0	0	0	0	0	3.2	9.06	5.76	0.16	3.13	63.6	1.8	34.1	6.21	13.4	39.86	21.6	64	33.6	16.7	40.6	237	8.4	0.21	37.7	14.6				0.5	0	11	3592	160.06	8.38	202.87	6.8	6.81	1546.15	4450.18	243.02	15.5	56.87	4.53	103	428.3	37.7	105.21	3.44	811.16	0.67	103.66	1341.67	144.86	215.45	245.89	9.71	21.9	8.99	12.12	3.78	123.81	4.7	347	69	205	0.4	23	9.8	5.1	0.8	71	142	4.3	7.8	3.1	OK				
UG253A	M	1 Mosquito	Control	3	2020-11-13											0	N	0	7	5	0	0	0	0	0	0	0	0	0	3	12.65	2.75	0.08	9.82	21.7	0.7	77.6	6.07	12.9	40.05	21.3	66	32.3	17.2	42.2	221	9.7	0.34	38.5	17				0.5	0	5.4	1618	115.48	3	114.88	6.8	3.23	415.76	3099.86	132.65	15.5	14.27	6.44	46.56	442.2	37.7	101.44	1.35	832.62	0.67	44.15	1679.03	126.7	291.04	44.63	7.1	21.9	2.89	12.12	19.48	5.84	4.3	499	63	175	0.4	21	9.9	4.6	0.4	81	143	4.8	7.6	3.3	OK				
BC407	F	1 Mosquito	1 Mosquito	3	2020-11-13											0	N	0	7	2	0	0	0	0	0	0	0	0	0	3.2	9.24	0.17	2	7.06	1.9	21.7	76.5	6.73	12.8	38.76	19	58	33	18.6	40.6	365	9.4	0.2	36.9	14.9				0.5	0	3.1	944	87.82	1.05	49.8	6.8	2.03	1312.37	2754.03	242.65	15.5	14.73	39.91	6.28	621.16	37.7	23.27	0.94	740.55	0.67	26.4	1389.22	181.51	216	41.59	7.1	454.25	2.17	12.12	19.48	5.84	4.2	195	83	254	0.4	22	9.7	5.1	0.7	51	140	4.2	7.9	3.7	OK				
CP60	F	1 Mosquito	1 Mosquito	3	2020-11-12											0	N	0	6	4	0	0	0	0	0	0	0	0	0	3	5.74	2.25	0.32	3.17	39.2	5.7	55.2	5.87	11.2	35.31	19.1	60	31.8	17.8	40.6	20	7	0.01	31.6	9.9				0.5	0	1.1	342	64.22	3.84	92.98	6.8	4.86	666.32	1733.72	140.04	15.5	14.27	3.13	41.01	347.98	37.7	65.4	1.54	712.54	0.67	76.45	483.2	119.08	1013.34	65.4	12.49	21.9	2.19	12.12	19.48	5.84	4.5	340	56	320	0.4	17	9.8	5.7	0.7	57	140	4.2	7.8	3.3	OK				
BC116A	M	10 Mosquitos	10 Mosquitos	3	2020-11-12											0	N	0	6	3	0	0	0	0	0	0	0	0	0	3.3	9.12	2.83	0.05	6.23	31.1	0.6	68.3	6.5	14.3	42.13	22	65	33.9	16.7	40.6	321	11	0.35	37.8	16.1				0.5	0	2.8	853	34.31	8.74	56.8	6.8	8.31	760	3109.45	97.76	15.5	22.98	13.7	44.2	369.28	37.7	30.1	3.29	249.9	0.67	7.22	944.71	237.18	403.45	246.33	13.56	21.9	2.19	12.12	19.48	7.89	4.4	507	52	255	0.3	15	10.1	4.9	0.8	62	140	4.3	7.4	2.9	OK				
FR423A	M	10 Mosquitos	10 Mosquitos	3	2020-11-12											0	N	0	7	5	0	0	0	0	0	0	0	0	0	3.4	11.92	0.25	4.16	7.51	2.1	34.9	63	6.86	12.7	38.46	18.5	56	32.9	19.6	41.4	340	9.7	0.33	39.8	19				0.5	0	0.02	14	68.98	7.05	146	6.8	5.7	716.19	3874.88	144.93	15.5	36.85	2.67	51.34	263.54	37.7	90.46	2.72	583.41	3.43	10.29	1270.15	159.87	364.99	568.77	4.25	21.9	6.21	12.12	19.48	7.02	4.2	476	79	205	0.4	15	9.9	6.2	0.9	58	141	5.1	7.6	3.5	OK				
SB395	F	10 Mosquitos	10 Mosquitos	3	2020-11-12											0	N	0	8	5	0	0	0	0	0	0	0	0	0	3.2	7.03	0.45	1.08	5.5	6.5	15.3	78.2	6.26	12.7	40.19	20.4	64	31.7	17.4	42.2	253	10.7	0.27	40.9	19.3				0.5	0	3.3	995	123.91	3.43	82.45	6.8	5.37	1259.59	3614.79	142.73	15.5	14.27	6.44	63.86	415.08	37.7	122.77	1.54	766.64	0.67	122.44	1064.3	304.86	296.6	323.35	12.44	21.9	2.19	12.12	19.48	5.84	4.7	353	25	305	0.4	26	10.3	4.1	0.7	57	142	4.2	7.8	3.1	OK				
FR840	F	10 Mosquitos	10 Mosquitos	3	2020-11-12											0	N	0	9	5	0	0	0	0	0	0	0	0	0	3.8	9.97	0.3	2.68	6.99	3	26.9	70.1	5.89	12.6	37.93	21.4	64	33.2	16.7	41.4	383	11.7	0.45	41.7	22.5				0.5	0	3.3	1002	98.82	0.23	64.79	6.8	1.73	358.89	3680.68	243.24	15.5	14.27	6.44	16.27	621.16	37.7	71.47	0.68	954.79	0.67	58.65	1396.66	296.96	176.94	49.01	7.1	21.9	7.26	12.12	19.48	16.98	4.4	150	41	380	0.3	23	10.1	3.4	0.5	62	140	4.6	8.2	3.8	OK				
BC167	F	10 Mosquitos	10 Mosquitos	3	2020-11-12											0	N	0	7	4	0	0	0	0	0	0	0	0	0	3.1	8.1	2.62	0.16	5.33	32.3	2	65.7	5.62	11.6	34.99	20.6	62	33	17.2	40.6	316	9.3	0.29	36.9	14.9				0.5	0	1.3	402	162.06	5.68	119.82	6.8	3.96	939.17	4.55	151.2	15.5	57.37	4.55	148.82	534.32	48.52	105.54	2.89	1235.31	0.67	200.62	1334.97	116.17	189.69	238.41	10.87	21.9	4.46	12.12	18.62	15.91	4.3	201	53	217	0.4	18	9.6	5.7	0.8	54	141	4.6	7.3	3	OK				
NV289	M	Control	Control	4	2020-11-13											0	N	0	6	5	0	0	0	0	0	0	0	0	0	4.6																										7.3	2196	56.12	9.21	56.8	2.77	8.73	1127.54	1532.54	137.75	15.5	53.62	20.22	440.42	1528.63	37.7	77.38	4.32	457.04	0.34	260.12	731.05	92.63	177.24	207.89	13.83	285.64	10.41	12.12	19.48	13.88																			
UG171	F	Control	Control	4	2020-11-13											0	N	0	5	4	0	0	0	0	0	0	0	0	0	3.1																										0.4	116	49.71	9.94	1295.84	6.8	10.69	4125.55	2265.19	92.06	15.5	73.61	9.58	43.71	242.27	1118.98	92.76	4.23	9038.44	0.67	7.22	1947.51	83.73	224.26	305.48	8.23	21.9	11.83	299.72	10.22	5.56																			
NV259	F	Control	Control	4	2020-11-13											0	N	0	7	6	0	0	0	0	0	0	0	0	0	3.7																										4.5	1341	101.99	5.15	157.32	6.8	6.1	2653.89	5086.76	118.92	15.5	180.1	5.19	85.84	497.88	37.7	153.11	2.31	925.76	0.67	28.96	1605.32	131.3	286.31	175.9	14.12	21.9	4.26	12.12	3.72	5.84																			
SB393	M	1 Mosquito	1 Mosquito	4	2020-11-13											0	N	0	6	3	0	0	0	0	0	0	0	0	0	3.5																										5.2	1554	72.16	10.44	188.16	6.8	9.9	2828.99	7612.05	133.78	15.5	72.23	16.98	117.51	532.14	37.7	142.54	4.14	1261.97	0.67	87.54	907.37	117.43	590.35	164.13	19.3	922.99	4.45	24.88	19.48	17.42																			
FR469A	M	1 Mosquito	1 Mosquito	4	2020-11-13											3.89	Y	3.89	7	5	0	0	0	0	0	0	0	0	0	3.2																										7.2	2161	125.41	6.37	150.26	6.8	6.46	1767.69	2421.67	174.93	15.5	52.16	3.25	75.49	373.15	37.7	67.46	3.37	304.4	0.67	66.31	992.86	78.48	241.87	305.89	6.12	21.9	6.63	12.12	4.54	23.66																			
UG253A	M	1 Mosquito	Control	4	2020-11-14											0	N	0	8	6	0	0	0	0	0	0	0	0	0	3																										7.4	2219	92.91	1.89	47.45	6.8	3.31	318.8	2062.16	92.72	15.5	14.73	6.44	17.08	286.63	37.7	59.96	1.89	1050.13	0.67	40.33	2004.18	148.14	195.69	27.77	7.1	654.71	7.9	214.7	5.43	5.71																			
BC407	F	1 Mosquito	1 Mosquito	4	2020-11-14											0	N	0	10	6	0	0	0	0	0	0	0	0	0	3.2																										3.4	1011	75.44	6.02	17.58	6.8	4.91	1285.66	2235.34	198.01	15.5	14.27	36.28	16.27	659.67	37.7	1.7	1.04	593.07	0.67	6.79	1130.48	208.84	189.27	231.37	7.1	602.29	2.19	12.12	19.48	5.84																			
CP60	F	1 Mosquito	1 Mosquito	4	2020-11-13											0	N	0	9	5	0	0	0	0	0	0	0	0	0	2.9																										1	314	115.51	5.57	150.65	6.8	5.53	1395.78	2677.26	143.99	15.5	81.2	4.88	114.33	829.25	37.7	89.21	1.29	1980.69	0.67	294.08	827.71	98.73	319.15	27.77	17.31	21.9	2.19	139.39	19.48	5.84																			
BC116A	M	10 Mosquitos	10 Mosquitos	4	2020-11-13											1.28	Y	1.28	8	2	0	0	0	0	0	0	0	0	0	3.1																										2.6	776	30.23	9.02	56.8	6.8	8.68	737.13	2888.09	63.85	15.5	27.41	13.11	38.23	397.14	37.7	32.65	3.42	159.08	0.67	7.22	929.81	154.23	112.64	169.23	14.17	21.9	2.19	12.12	19.48	8.59																			
FR423A	M	10 Mosquitos	10 Mosquitos	4	2020-11-13											2.51	Y	2.51	7	5	0	0	0	0	0	0	0	0	0	3.4																										0.1	18	57.29	6.58	132.27	6.8	7.01	1145.92	1351.98	506.89	15.5	55.48	4.64	42.53	465.19	37.7	1.7	3.21	540.27	0.67	3.55	1270.15	911.62	3315.34	7138.93	3.46	21.9	9.29	12.12	5.59	11.38																			
SB395	F	10 Mosquitos	10 Mosquitos	4	2020-11-13											0	N	0	7	3	0	0	0	0	0	0	0	0	0	3.2																										3	904	110.84	3.13	67.29	6.8	5.42	1320.27	4032.08	101.25	15.5	14.27	6.44	64.52	507.8	37.7	85.45	1.9	786.78	0.67	98.82	838.09	183.4	139.52	88.32	11.78	21.9	2.19	12.12	19.48	5.84																			
FR840	F	10 Mosquitos	10 Mosquitos	4	2020-11-13											0	N	0	6	3	0	0	0	0	0	0	0	0	0	3.8																										3.7	1103	68.84	0.63	17.58	6.8	2.72	494.7	3481.27	84.85	15.5	33.05	6.44	16.27	544.56	37.7	46.17	0.68	1002.7	0.67	73.36	1085.4	154.69	239.47	65.01	7.1	21.9	12.15	12.12	31.08	12.41																			
BC167	F	10 Mosquitos	10 Mosquitos	4	2020-11-13											0	N	0	7	2	0	0	0	0	0	0	0	0	0	3.1																										0.5	138	135.01	4.54	85.95	6.8	4.97	923.2	2293.53	94.03	15.5	65.65	4.55	130.1	612.29	100.26	70.35	3.29	821.92	0.67	174.82	929.48	110.55	214.04	511.87	8.01	21.9	0.33	12.12	16.24	6.27																			
NV289	M	Control	Control	5	2020-11-14											0	N	0	9	6	0	0	0	0	0	0	0	0	0	4.6	7.58	2.72	0.18	4.69	35.8	2.3	61.8	5.72	12.3	35.83	21.4	63	34.2	16.5	39.8	210	9.4	0.2	37.2	15.2				0.5	0	6.9	2068	63.98	9.66	56.8	0.99	8.89	908.96	3357.99	161.4	15.5	31.54	17.48	349.55	1151.34	37.7	81.92	3.95	486.5	0.67	171.8	846.94	118.19	102.98	117.39	17	70.08	8.68	12.12	19.48	15.2	4.5	378	36	247	0.4	24	9.8	4.7	0.9	66	140	4.2	7.8	3.3	OK				
UG171	F	Control	Control	5	2020-11-14											0	N	0	8	4	0	0	0	0	0	0	0	0	0	3	8.17	0.15	2.43	5.59	1.8	29.8	68.4	5.54	11	33.12	19.8	60	33.2	16.9	38.3	291	9.3	0.27	37.2	15.2				0.5	0	1	291	61.77	9.81	1180.78	6.8	8.41	3024.03	3268.69	149.66	15.5	68.5	6.48	57.15	303	940.94	92.5	3.96	8481.52	0.67	17.55	2138	86.93	162.37	296.99	8.78	21.9	12.23	271.26	10.89	3.92	4.2	381	88	213	0.4	18	9.7	4.9	0.8	66	141	3.9	7.3	3.1	OK				
NV259	F	Control	Control	5	2020-11-14											0	N	0	6	3	0	0	0	0	0	0	0	0	0	3.7	8.38	0.24	1.64	6.5	2.8	19.6	77.6	6.14	12.1	36.45	19.6	59	33.1	16.9	38.3	284	9.4	0.27	37.6	15.8				0.5	0	3.4	1025	40.17	2.73	16.32	6.8	5.73	2173.47	1585.2	105.45	15.5	173.2	3.34	35.8	270.32	37.7	57.69	1.83	216.4	0.67	2.56	618.61	74.29	54.89	189.29	8.71	21.9	2.19	12.12	19.48	5.84	4.4	235	33	306	0.4	18	10.1	5.8	0.6	63	142	4.4	7.6	3.2	OK				
SB393	M	1 Mosquito	1 Mosquito	5	2020-11-14											0	N	0	7	4	0	0	0	0	0	0	0	0	0	3.4	15.85	7.31	0.15	8.39	46.1	0.9	53	4.94	10.8	32.01	21.9	65	33.8	18	43.8	490	8.5	0.42	37.2	14				0.5	0	10.9	3265	71.61	10.08	153.38	6.8	8.35	2015.24	6059.78	177.65	15.5	48.74	17.23	109	461.2	37.7	141.17	3.61	953.49	0.67	89.32	1047.66	134.41	573	138.39	18.22	490.82	2.62	12.12	19.48	18.93	4.3	506	60	233	0.3	17	10.2	5.9	0.2	65	142	4.8	7	2.7	OK				
FR469A	M	1 Mosquito	1 Mosquito	5	2020-11-14											0	N	0	10	5	0	0	0	0	0	0	0	0	0	3.2	9.72	5.1	0.1	4.52	52.5	1.1	46.5	6.22	12.5	38.81	20	62	32.1	16.3	39.1	244	8.6	0.21	35.6	13.5				0.5	0	7.8	2330	130	6.58	163.8	6.8	6.49	1896.65	3699.83	192.67	15.5	53.11	4.43	99.66	376.04	37.7	59.95	3.26	336.43	0.67	65.57	1075.99	116.17	118.41	282.64	6.23	21.9	5.06	12.12	3.31	22.95	4.7	348	71	205	0.3	20	10	4.8	0.8	68	141	4.4	8.1	3.4	OK				
UG253A	M	1 Mosquito	Control	5	2020-11-15											0	N	0	10	7	0	0	0	0	0	0	0	0	0	3.1	10.64	2.88	0.16	7.61	27	1.5	71.5	5.73	12.4	36.73	21.6	64	33.8	16.5	40.6	215	8.6	0.18	36.4	14.3				0.5	0	8.1	2429	110.2	2.74	102.14	6.8	2.91	393.07	4271.42	127.44	15.5	4.88	6.44	26.84	398.25	37.7	77.87	1.86	946.75	0.67	29.23	1698.27	139.65	210.13	61.2	7.1	21.9	5.42	12.12	19.48	0.57	4.4	485	65	181	0.3	20	10	6	0.7	90	143	5	7.6	3.2	OK				
BC407	F	1 Mosquito	1 Mosquito	5	2020-11-15											0	N	0	10	7	0	0	0	0	0	0	0	0	0	3	10.15	0.37	1.51	8.27	3.6	14.9	81.5	6.53	12.9	37.97	19.8	58	34	18.8	41.4	365	9.3	0.34	36.2	14				0.5	0	4.5	1363	99.83	0.99	95.7	6.8	2.72	1119.39	3555.72	306.66	15.5	14.27	24.41	4.64	678.01	37.7	23.61	0.78	816.05	0.67	20.08	1469.41	314.59	133.93	199.04	7.1	104.18	2.19	12.12	19.48	5.84	4.3	187	111	272	0.4	20	9.8	5.4	0.9	63	142	4.5	7.6	3.4	OK				
CP60	F	1 Mosquito	1 Mosquito	5	2020-11-14											0	N	0	8	3	0	0	0	0	0	0	0	0	0	3.2	6.86	2.77	0.98	3.11	40.4	14.3	45.3	5.71	11.6	34.18	20.3	60	33.9	17.8	40.6	147	9.4	0.14	38.1	15.2				0.5	0	1.5	456	99.24	4.22	89.84	6.8	5.02	778.54	2514.02	139.55	15.5	25.13	2.24	90.28	610.54	37.7	64.87	1.2	1344.82	0.67	209.76	868.91	93.65	154.61	27.77	15.5	21.9	2.19	104.41	19.48	5.84	4.4	322	60	313	0.4	16	9.8	5.7	0.9	59	141	4	7.5	3.1	OK				
BC116A	M	10 Mosquitos	10 Mosquitos	5	2020-11-14											0	N	0	10	8	0	0	0	0	0	0	0	0	0	3.3	7.02	2.98	0.06	3.98	42.4	0.9	56.7	6.41	14	40.51	21.9	63	34.6	16.1	39.1	298	9.4	0.28	37.8	16.1				0.5	0	2.7	803	36.08	9.15	56.8	6.8	8.77	748.56	4025.3	118.53	15.5	9.5	13.94	45.38	426.46	37.7	29.27	3.06	150.52	0.67	2.1	1069.44	163.15	57.79	167.53	13.97	21.9	2.19	12.12	19.48	9.08	4.4	518	53	265	0.3	12	10	5.3	0.7	62	144	4.5	7.6	3.1	OK				
FR423A	M	10 Mosquitos	10 Mosquitos	5	2020-11-14											0	N	1	9	5	0	3	0	60	60	0	0	3.9030546397015	0.0617317824311724	3.5	7.31	0.09	3.8	3.42	1.2	52	46.8	6.6	12.3	36.87	18.6	56	33.3	19.6	41.4	310	9.7	0.3	39.1	17.9				0.5	0	0.2	46	74.61	6.75	149.41	6.8	5.87	553.41	4075.47	274.14	15.5	49.25	1.65	53.38	547.96	37.7	66.38	2.79	851.17	0.67	23.08	1393.05	185.76	132.35	233.24	5.69	21.9	9.73	12.12	19.48	13.94	4	468	70	195	0.4	12	9.8	6.3	0.8	65	141	5.1	7.3	3.3	OK				
SB395	F	10 Mosquitos	10 Mosquitos	5	2020-11-14											0	N	0	6	4	0	0	0	0	0	0	0	0	0	3.2	7.91	1.72	0.75	5.43	21.8	9.5	68.7	5.92	12.7	38.15	21.5	64	33.3	17.4	42.2	135	9.2	0.12	38.1	16.4				0.5	0	3.4	1033	100.16	2.38	20.49	6.8	4.91	1168.06	3824.22	120.26	15.5	14.27	6.44	59.57	387.74	37.7	60.3	1.29	746.42	0.67	79.96	753.5	180.59	96.78	107.22	10.92	21.9	2.19	12.12	19.48	5.84	4.7	309	32	248	0.4	23	10.1	4.6	0.8	58	143	4.6	7.5	2.8	OK				
FR840	F	10 Mosquitos	10 Mosquitos	5	2020-11-14											0	N	0	9	4	0	0	0	0	0	0	0	0	0	4	10.81	2.68	0.09	8.04	24.8	0.8	74.4	5.5	12.2	34.84	22.2	63	35	16.5	39.8	257	11.6	0.3	41.8	22.8				0.5	0	2.8	851	43.29	6.02	56.8	6.8	4.13	336.02	2529.59	133.01	15.5	14.27	6.44	16.27	481.92	37.7	22.76	1.06	530.07	0.67	30.35	1085.4	120.33	98.23	27.77	7.1	21.9	2.36	12.12	19.48	0.34	4.1	135	40	356	0.3	22	9.6	3	0.7	50	141	4.8	7.5	3.4	OK				
BC167	F	10 Mosquitos	10 Mosquitos	5	2020-11-14											0	N	1	10	5	0	1	0	20	20	0	0	6	0	3.1	9.49	2.67	0.06	6.76	28.1	0.6	71.3	5.55	11.4	34.86	20.6	63	32.7	16.9	40.6	236	9.6	0.23	37.4	15.5				0.5	0	1	310	139.84	4.26	46.81	6.8	4.35	799.9	2523.2	162.81	15.5	49.86	2.2	124.41	490.03	2.12	59.2	3.2	596	0.67	178.12	1057.22	96.55	47.45	246.22	8.16	21.9	0.86	12.12	17.64	11.19	4.3	197	55	215	0.4	17	9.7	5.1	0.5	56	139	4.6	7.2	2.9	OK				
NV289	M	Control	Control	6	2020-11-15											0	N	0												4.6																										7.7	2298	54.37	8.42	56.8	5.35	8.68	1225.63	1114.23	62.49	15.5	40.99	18.22	406.34	1355.69	37.7	57.95	4.24	427.32	0.51	174.35	586.55	83.37	98.67	155.51	12.23	250.78	7.49	12.12	19.48	15.14																			
UG171	F	Control	Control	6	2020-11-15											0	N	0												3																										1.3	377	68.98	10.38	1193.01	6.8	8.59	3523.23	4223.03	125.86	15.5	77.76	8.39	57.73	325.9	956.61	100.2	4.23	8049.92	0.67	15.96	2155.1	90.11	215.45	298.2	9.71	21.9	12.76	288.09	9.56	5.95																			
NV259	F	Control	Control	6	2020-11-15											0	N	0												3.5																										3.7	1102	112.98	6.24	174.25	6.8	6.97	2572.7	3296.94	198.75	15.5	229.16	18.68	115.87	648.1	107.91	155.37	2.79	892.97	0.67	82.06	1684.2	137.37	209.86	269.02	15.45	320.58	4.85	12.12	19.48	4.04																			
SB393	M	1 Mosquito	1 Mosquito	6	2020-11-15											0	N	0												3.5																										10.2	3048	58.68	9.66	75.65	6.8	8.35	2044.41	6567.17	146.35	15.5	53.62	24.17	93.71	473.26	37.7	98.04	3.47	892.96	0.67	69.64	929.81	102.6	398.91	130.5	17.4	895.72	0.04	12.12	19.48	16.2																			
FR469A	M	1 Mosquito	1 Mosquito	6	2020-11-15											0	N	0												3.2																										8.5	2543	126.95	7.78	188.85	6.8	6.43	2034.83	4615.22	147.19	15.5	53.59	4.43	96.59	422.75	37.7	70.19	3.77	723.12	0.67	78.12	1361	130.85	97.13	258.33	9.49	21.9	7.69	12.12	2.11	84.86																			
UG253A	M	1 Mosquito	Control	6	2020-11-16											0	N	0												3																										8.6	2571	104.5	1.8	97.85	6.8	3.34	410.09	3695.57	122.15	15.5	21.01	6.44	22.04	419.65	37.7	81.81	2.06	782.69	0.67	32.03	1646.61	135.53	222.94	27.77	7.1	21.9	3.52	12.12	19.48	0.2																			
BC407	F	1 Mosquito	1 Mosquito	6	2020-11-16											0	N	0												3.2																										7.6	2266	82.51	0.72	37.88	6.8	2.57	700.4	3484.21	243.5	15.5	14.27	12.04	16.27	382.74	37.7	9.49	0.61	832.62	0.67	6.79	1742.53	181.51	143.09	27.77	7.1	44.05	2.19	12.12	19.48	5.84																			
CP60	F	1 Mosquito	1 Mosquito	6	2020-11-15											0	N	0												3.2																										1.4	425	129.44	6.6	171.45	6.8	5.17	1029.51	3378.79	170.72	15.5	59.99	6.03	107.21	853.17	37.7	93.68	1.76	1827.96	0.67	214.54	1073.68	198.76	252.7	59.64	18.86	21.9	2.19	106.11	19.48	0.55																			
BC116A	M	10 Mosquitos	10 Mosquitos	6	2020-11-15											0	N	0												3.3																										5.5	1650	19.77	8.07	56.8	6.8	9.23	526.36	2159.4	65.16	15.5	14.27	13.47	26.91	373.61	37.7	32.28	2.88	37.47	0.67	7.22	914.86	178.32	85.69	160.13	12.76	21.9	2.19	12.12	19.48	10.09																			
FR423A	M	10 Mosquitos	10 Mosquitos	6	2020-11-15											0	N	1												3.4																										0.1	17	76.79	7.65	164.64	6.8	6.09	536.36	3617.55	304.31	15.5	59.63	1.93	54.54	992.04	37.7	42.5	2.42	890.83	0.67	27.76	1544.26	446.82	85.9	600.08	6.12	21.9	12.23	12.12	0.53	16.41																			
SB395	F	10 Mosquitos	10 Mosquitos	6	2020-11-15											0	N	0												3.2																										3.7	1115	135.01	3.72	121.43	6.8	5.63	1305.13	4094.49	128.97	15.5	14.27	6.44	74.94	545.1	37.7	109.89	1.66	1061.68	0.67	132.82	796.25	271.86	173.34	153.3	13.05	21.9	2.19	12.12	19.48	8.97																			
FR840	F	10 Mosquitos	10 Mosquitos	6	2020-11-15											0	N	0												3.9																										2.8	851	64.87	6.02	9.24	6.8	1.29	376	3125.46	124.7	15.5	14.27	6.44	16.27	480.47	37.7	40.75	0.85	857.35	0.67	37.58	1312.95	121.71	167.83	159.94	7.1	21.9	5.55	12.12	14.48	6.95																			
BC167	F	10 Mosquitos	10 Mosquitos	6	2020-11-15											0	N	0												3.1																										1.3	399	166.84	5.54	108.77	6.8	4.1	772.17	7368.11	153.46	15.5	56.98	4.38	143.17	606.12	69.01	81.91	3.06	1288.78	0.67	236.33	1314.24	112.69	68.32	215.31	10.63	21.9	3.38	12.12	17.21	14.93																			
NV289	M	Control	Control	7	2020-11-16											0	N	0												4.6	7.58	3.31	1.04	7.43	42.4	7.1	50.7	5.71	12.1	35.65	21.1	62	33.8	16.3	39.1	103	9.9	0.1	39.6	18.7				0.5	0	7.1	2144	38.23	3.33	56.8	6.8	3.62	591.13	953.69	151.43	15.5	31.05	1.62	209.33	707.35	37.7	38.2	2.46	37.47	0.67	56.4	560.89	50.17	60.75	90.31	6.33	21.9	5.43	12.12	13.26	5.66	4.5	358	37	255	0.4	24	10	5.2	0.7	54	145	4.5	7.6	3.1	OK				
UG171	F	Control	Control	7	2020-11-16											0	N	0												3.1	8.17	2.88	0.07	3.76	40.1	1.1	58.8	5.68	11.6	34.25	20.5	60	33.9	17.2	39.1	294	9.5	0.28	36.9	14.9				0.5	0	0.2	64	75.44	6.59	918.31	6.8	5.05	2474.53	5156.63	140.44	15.5	64.55	2.96	54.84	244.59	37.7	66.11	2.84	8300.27	0.67	7.22	2267.48	87.59	147.69	269.98	12.78	21.9	10.04	180.59	21.33	7.93	4.2	374	119	243	0.3	21	10.1	4.3	0.5	58	143	4.6	7.6	3.4	OK				
NV259	F	Control	Control	7	2020-11-16											0	N	0												3.5	8.38	1.42	1.82	5.87	2.1	23.1	74.8	5.96	12.5	36.21	20.9	61	34.4	17.2	39.1	250	10	0.25	39.3	18.1				0.5	0	3.9	1186	77.32	4.32	84.97	6.8	4.75	1754.21	4294.09	154.19	15.5	161.95	3.11	74.93	304.84	673.86	59.24	2.67	478.03	0.67	7.22	1444.04	97.63	70.2	161.12	9.43	21.9	2.43	12.12	16.85	9.88	4.3	223	34	279	0.5	19	9.9	5.8	0.8	68	141	4.9	7.3	3	OK				
SB393	M	1 Mosquito	1 Mosquito	7	2020-11-16											0	N	0												3.5	15.85	7.11	6.36	5.82	0.2	52.1	47.7	5.09	11.2	32.36	22	64	34.6	17.6	43	448	8.6	0.39	35.9	13.8				0.5	0	13.3	3989	68.33	5.05	156.17	6.8	3.75	1529.05	6063.17	174.92	15.5	53.46	10.41	67.33	345.43	37.7	91.69	3.39	1250.65	0.67	40.69	1430.54	75.55	347.64	128.62	10.55	400.2	4.11	12.12	20.53	9.88	4.4	491	75	230	0.3	22	10.6	5	0.7	77	143	5.5	7.3	2.8	OK				
FR469A	M	1 Mosquito	1 Mosquito	7	2020-11-16											0	N	0												3.2	9.72	5.76	5.73	4.39	0.1	56.6	43.3	6.02	12.4	37.88	20.6	63	32.8	16.5	39.8	267	8.5	0.23	35.3	13.2				0.5	0	12.8	3848	119.27	5.16	68	6.8	4.22	1541.29	4265.88	183.57	15.5	42.35	1.83	95.55	364.44	37.7	51.2	2.57	447.14	0.67	46.5	1201.99	159.73	74.45	301.63	7.93	21.9	2.99	12.12	14.56	79.87	4.7	349	66	202	0.3	24	10.1	4.7	0.9	90	143	4.7	7.8	3.1	OK				
UG253A	M	1 Mosquito	Control	7	2020-11-17											0	N	0												3	10.64	2.75	0.09	8.09	23	0.8	76.2	5.49	11.4	35.18	20.8	64	32.5	16.5	40.6	261	10.1	0.26	37.6	15.8				0.5	0	10.4	3121	50.88	4.87	43.48	6.8	6.19	324.5	2773.14	94.75	15.5	42.35	6.44	40.17	210.94	37.7	45.27	2.76	37.47	0.67	14.26	1216.19	152.93	91.36	155.7	8.01	21.9	2.19	12.12	14.86	11.22	4.3	491	66	178	0.3	19	10	5.4	0.4	78	149	4.8	8	3	OK				
BC407	F	1 Mosquito	1 Mosquito	7	2020-11-17											0	N	0												3	10.15	0.17	2.23	5.84	2.8	26.9	70.3	6.78	13	40.07	19.1	59	32.4	19	42.2	377	10.2	0.38	40	19.3				0.5	0	5.3	1596	70.31	4.11	42.35	6.8	3.77	1087.41	2671.38	258.81	15.5	46.99	23.73	33.4	604.88	37.7	1.7	2.67	372.22	0.67	14.26	1244.43	172.24	134.25	251.02	14.01	21.9	2.19	12.12	14.68	5.32	4.3	208	145	335	0.4	22	10.1	4.5	0.6	56	150	4.8	8	3.6	OK				
CP60	F	1 Mosquito	1 Mosquito	7	2020-11-16											0	N	0												2.9	6.86	2.25	0.16	1.99	45.4	4.2	50.4	5.62	11	33.96	19.6	60	32.4	18.1	41.4	264	8	0.21	34.4	12.3				0.5	0	2.8	845	109.94	6.59	143.09	6.8	3.94	661.72	4200.45	181.83	8.27	73.59	3.58	102.04	629.45	37.7	60.57	2.74	1919.39	0.67	135.77	1237.39	176.65	194.29	70.24	14.01	21.9	14.99	14.45	19.91	10.75	4.5	338	68	312	0.3	19	9.7	5.2	0.5	74	140	4.2	7.7	3.2	OK				
BC116A	M	10 Mosquitos	10 Mosquitos	7	2020-11-16											0	N	0												3	7.02	2.83	0.13	9.74	27.5	1	71.5	6.68	13.9	42.1	20.8	63	33	16.3	39.1	359	10.4	0.37	40	17.9				0.5	0	1.5	440	31.48	3.87	56.8	6.8	5.07	497.61	2075.71	98	15.5	41.92	3.82	30.52	383.14	37.7	18.94	2.52	37.47	0.67	7.22	1530.94	114.3	48.41	166.91	7.5	21.9	2.19	12.12	16.79	5.73	4.6	526	59	264	0.3	16	10.2	4.4	0.8	70	145	4.5	7.5	3	OK				
FR423A	M	10 Mosquitos	10 Mosquitos	7	2020-11-16											1.9	Y	1.9												3.2	7.31	0.25	2.21	5.59	1.1	28	70.9	6.5	12.2	36.36	18.7	56	33.5	19.6	41.4	294	9.3	0.27	38.7	17.3				0.5	0	0.01	4	66.77	4.92	105.04	6.8	4.08	701.08	3922.51	291.4	15.5	71.46	2.2	52.03	817.77	37.7	48.37	2.31	1273.57	0.67	11.92	1321.16	620.77	144.91	441.25	8.28	21.9	13.81	12.12	20.34	13.47	4	558	78	182	0.3	14	9.7	6.4	0.6	64	140	5.1	7.2	3.1	OK				
SB395	F	10 Mosquitos	10 Mosquitos	7	2020-11-16											0	N	0												2.9	7.91	0.45	1.26	5.88	2.5	17.2	80.3	6.01	12.5	37.62	20.9	63	33.3	16.9	40.6	279	9.6	0.27	36.4	14.3				0.5	0	3.6	1091	111.47	4.11	52.26	6.8	4.14	799.9	4916.28	147.27	15.5	33.88	6.44	76.7	405.76	37.7	48.61	2.41	751.91	0.67	50.69	1137.51	260.3	82.91	157.79	9.63	21.9	5.64	12.12	14.32	15.01	4.8	301	38	269	<0.1*	29	10.7	3.5	1.2	74	143	5.2	7.5	2.7	OK				
FR840	F	10 Mosquitos	10 Mosquitos	7	2020-11-16											0	N	0												4	10.81	0.3	2.5	863	2.3	22	75.7	5.55	11.8	35.35	21.3	64	33.5	16.5	40.6	308	10.6	0.33	40.8	20.8				0.5	0	3.9	1157	79.98	4.65	91.76	6.8	3.32	528.71	3577.72	234.15	15.5	55.82	7.23	58.68	586.25	37.7	93.45	2.91	1054.73	0.67	51.73	1369.33	235.71	247.48	232.41	11.28	21.9	7.11	12.12	16.91	15.99	4.4	149	54	392	0.3	24	10.5	2.5	0.7	72	147	4.9	8	3.6	OK				
BC167	F	10 Mosquitos	10 Mosquitos	7	2020-11-16											0	N	0												2.8	9.49	2.62	3.05	6.3	1.1	32.2	66.6	5.33	11	33.59	20.7	63	32.9	17.4	41.4	260	9.2	0.24	35.9	13.8				0.5	0	1.4	429	147.2	5.1	75.08	6.8	3.94	536.49	7535.47	208.56	15.5	43.63	1.34	111.01	536.89	37.7	67.77	2.72	734.11	0.67	155.87	1159.12	157.9	41.73	228.26	9.91	21.9	3.38	12.12	16.54	12.91	4.3	187	70	227	0.3	20	9.9	4.1	0.5	71	142	5	7	2.7	OK				
NV289	M	Control	Control	8	2020-11-17													0	4	2	0	0	0	0	0	0	0	0	0	4.7																																																																											
UG171	F	Control	Control	8	2020-11-17													0	4	4	0	0	0	0	0	0	0	0	0	3.1																																																																											
NV259	F	Control	Control	8	2020-11-17													0	2	1	0	0	0	0	0	0	0	0	0	3.6																																																																											
SB393	M	1 Mosquito	1 Mosquito	8	2020-11-17													0	7	5	0	0	0	0	0	0	0	0	0	3.5																																																																											
FR469A	M	1 Mosquito	1 Mosquito	8	2020-11-17													0	5	4	0	0	0	0	0	0	0	0	0	3.2																																																																											
UG253A	M	1 Mosquito	Control	8	2020-11-18													0	10	8	0	0	0	0	0	0	0	0	0	2.9																																																																											
BC407	F	1 Mosquito	1 Mosquito	8	2020-11-18													0	10	9	0	0	0	0	0	0	0	0	0	3																																																																											
CP60	F	1 Mosquito	1 Mosquito	8	2020-11-17													0	10	6	0	0	0	0	0	0	0	0	0	3.2																																																																											
BC116A	M	10 Mosquitos	10 Mosquitos	8	2020-11-17													0	6	4	0	0	0	0	0	0	0	0	0	3.3																																																																											
FR423A	M	10 Mosquitos	10 Mosquitos	8	2020-11-17													0	10	4	0	0	0	0	0	0	0	0	0	3.4																																																																											
SB395	F	10 Mosquitos	10 Mosquitos	8	2020-11-17													0	5	1	0	0	0	0	0	0	0	0	0	3.3																																																																											
FR840	F	10 Mosquitos	10 Mosquitos	8	2020-11-17													1	5	4	4	3	100	75	100	4.2525484775	1.0282365	3.74622441442795	0.21737202488804	3.8																																																																											
BC167	F	10 Mosquitos	10 Mosquitos	8	2020-11-17													0	7	3	0	0	0	0	0	0	0	0	0	3.2																																																																											
NV289	M	Control	Control	11	2020-11-20											0	N	0	10	9	0	0	0	0	0	0	0	0	0	4.7																																																																											
UG171	F	Control	Control	11	2020-11-20											0	N	0	7	6	0	0	0	0	0	0	0	0	0	2.9																																																																											
NV259	F	Control	Control	11	2020-11-20											0	N	0	6	3	0	0	0	0	0	0	0	0	0	3.6																																																																											
SB393	M	1 Mosquito	1 Mosquito	11	2020-11-20											0	N	0	7	7	0	0	0	0	0	0	0	0	0	3.4																																																																											
FR469A	M	1 Mosquito	1 Mosquito	11	2020-11-20											0	N	0	10	10	0	0	0	0	0	0	0	0	0	3.2																																																																											
UG253A	M	1 Mosquito	Control	11	2020-11-21											0	N	0	9	9	0	0	0	0	0	0	0	0	0	3.1																																																																											
BC407	F	1 Mosquito	1 Mosquito	11	2020-11-21											0	N	0	4	4	0	0	0	0	0	0	0	0	0	3.1																																																																											
CP60	F	1 Mosquito	1 Mosquito	11	2020-11-20											0	N	0	6	6	0	0	0	0	0	0	0	0	0	3.2																																																																											
BC116A	M	10 Mosquitos	10 Mosquitos	11	2020-11-20											0	N	0	7	5	0	0	0	0	0	0	0	0	0	3.2																																																																											
FR423A	M	10 Mosquitos	10 Mosquitos	11	2020-11-20											0	N	0	9	9	0	0	0	0	0	0	0	0	0	3.4																																																																											
SB395	F	10 Mosquitos	10 Mosquitos	11	2020-11-20											0	N	0	8	7	0	0	0	0	0	0	0	0	0	3.2																																																																											
FR840	F	10 Mosquitos	10 Mosquitos	11	2020-11-20											0	N	0	5	4	0	0	0	0	0	0	0	0	0	3.9																																																																											
BC167	F	10 Mosquitos	10 Mosquitos	11	2020-11-20											0	N	0	10	10	0	0	0	0	0	0	0	0	0	3.1																																																																											
NV289	M	Control	Control	14	2020-11-23											0	N	0	10	5	0	0	0	0	0	0	0	0	0	4.7																																																																											
UG171	F	Control	Control	14	2020-11-23											0	N	0	10	7	0	0	0	0	0	0	0	0	0	3																																																																											
NV259	F	Control	Control	14	2020-11-23											0	N	0	10	8	0	0	0	0	0	0	0	0	0	3.5																																																																											
SB393	M	1 Mosquito	1 Mosquito	14	2020-11-23											0	N	0	9	5	0	0	0	0	0	0	0	0	0	3.5																																																																											
FR469A	M	1 Mosquito	1 Mosquito	14	2020-11-23											0	N	0	8	5	0	0	0	0	0	0	0	0	0	3.2																																																																											
UG253A	M	1 Mosquito	Control	14	2020-11-24											0	N	0	9	7	0	0	0	0	0	0	0	0	0	3																																																																											
BC407	F	1 Mosquito	1 Mosquito	14	2020-11-24											0	N	0	8	7	0	0	0	0	0	0	0	0	0	3																																																																											
CP60	F	1 Mosquito	1 Mosquito	14	2020-11-23											0	N	0	11	4	0	0	0	0	0	0	0	0	0	3.2																																																																											
BC116A	M	10 Mosquitos	10 Mosquitos	14	2020-11-23											0	N	0	7	6	0	0	0	0	0	0	0	0	0	3.3																																																																											
FR423A	M	10 Mosquitos	10 Mosquitos	14	2020-11-23											0	N	0	9	8	0	0	0	0	0	0	0	0	0	3.2																																																																											
SB395	F	10 Mosquitos	10 Mosquitos	14	2020-11-23											0	N	0	10	9	0	0	0	0	0	0	0	0	0	3.3																																																																											
FR840	F	10 Mosquitos	10 Mosquitos	14	2020-11-23											0	N	0	8	7	0	0	0	0	0	0	0	0	0	3.9																																																																											
BC167	F	10 Mosquitos	10 Mosquitos	14	2020-11-23											0	N	0	8	5	0	0	0	0	0	0	0	0	0	3.2																																																																											
NV289	M	Control	Control	21	2020-11-30											0	N	0	7	4	0	0	0	0	0	0	0	0	0	4.5																																																																											
UG171	F	Control	Control	21	2020-11-30											0	N	0	10	7	0	0	0	0	0	0	0	0	0	2.8																																																																											
NV259	F	Control	Control	21	2020-11-30											0	N	0	10	9	0	0	0	0	0	0	0	0	0	3.7																																																																											
SB393	M	1 Mosquito	1 Mosquito	21	2020-11-30											0	N	0	8	7	0	0	0	0	0	0	0	0	0	3.5																																																																											
FR469A	M	1 Mosquito	1 Mosquito	21	2020-11-30											0	N	0	10	6	0	0	0	0	0	0	0	0	0	3.2																																																																											
UG253A	M	1 Mosquito	Control	21	2020-12-01											0	N	0	9	7	0	0	0	0	0	0	0	0	0	3.1																																																																											
BC407	F	1 Mosquito	1 Mosquito	21	2020-12-01											0	N	0	8	7	0	0	0	0	0	0	0	0	0	3.1																																																																											
CP60	F	1 Mosquito	1 Mosquito	21	2020-11-30											0	N	0	11	7	0	0	0	0	0	0	0	0	0	3.2																																																																											
BC116A	M	10 Mosquitos	10 Mosquitos	21	2020-11-30											0	N	0	10	10	0	0	0	0	0	0	0	0	0	3.3																																																																											
FR423A	M	10 Mosquitos	10 Mosquitos	21	2020-11-30											0	N	0	9	8	0	0	0	0	0	0	0	0	0	3.4																																																																											
SB395	F	10 Mosquitos	10 Mosquitos	21	2020-11-30											0	N	0	11	10	0	0	0	0	0	0	0	0	0	3.3																																																																											
FR840	F	10 Mosquitos	10 Mosquitos	21	2020-11-30											0	N	0	10	9	0	0	0	0	0	0	0	0	0	3.6																																																																											
BC167	F	10 Mosquitos	10 Mosquitos	21	2020-11-30											0	N	0	10	8	0	0	0	0	0	0	0	0	0	3.2																																																																											
NV289	M	Control	Control	28	2020-12-07								19	19	19	0	N	0	11	6	0	0	0	0	0	0	0	0	0	4.5	7.77	3.78	0.18	3.81	48.7	2.3	49	5.88	12.2	37.14	20.8	63	33	16.9	40.6	246	10.4	0.26	37.8	16.1				0.5	0	10.8	3229	55.69	9.6	56.8	3.52	9.4	966.38	2507.38	138.49	15.5	36.4	18.22	289	1083.17	37.7	75.01	3.45	573.51	0.67	106.1	854.54	89.17	148.28	133.55	15.78	40.37	9.21	12.12	19.48	15.3	4.5	373	25	245	0.4	23	9.9	4.7	0.3	63	148	4.4	8	3.5	OK				
UG171	F	Control	Control	28	2020-12-07								19	19	19	0	N	0	10	3	0	0	0	0	0	0	0	0	0	2.9	6.16	0.11	3.05	3.02	1.8	49.4	48.9	5.59	11.9	32.89	21.2	59	36.1	17.4	39.1	301	9.4	0.28	37.6	15.8				0.5	0	0.1	36	91.71	9.72	1163.77	6.8	7.62	3001.4	4199.54	192.93	15.5	76.11	7.75	78.89	352.72	816.65	116.23	3.75	7953.49	0.67	29.31	2234.4	134.51	216.55	295.36	12.53	21.9	13.93	277.25	6.73	8.68	4.6	351	132	218	0.3	23	10.1	5.8	0.5	66	150	4.1	8.2	3.6	OK				
NV259	F	Control	Control	28	2020-12-07								19	19	19	0	N	0	10	8	0	0	0	0	0	0	0	0	0	3.6	5.66	0.26	2.84	2.56	4.6	50.2	45.3	6.28	13.3	38.03	21.1	61	34.9	16.9	39.1	278	10.1	0.28	38.5	17				0.5	0	6.9	2066	95.01	5.15	136.18	6.8	5.84	2342.44	3049.02	176.67	15.5	108.88	6.35	97.85	479.46	37.7	115.16	1.76	820.18	0.67	37.56	1723.1	152	135.72	185.97	13.36	14.17	2.19	12.12	19.48	4.33	4.5	228	27	317	0.4	27	9.8	6	0.6	66	146	4	7.7	3.2	OK				
SB393	M	1 Mosquito	1 Mosquito	28	2020-12-07								640	40	20	0	N	0	10	10	0	0	0	0	0	0	0	0	0	3.2	7.16	4.11	0.05	3	57.4	0.7	41.9	5.92	13.5	38.05	22.7	64	35.4	18	44.5	235	10.3	0.24	39.2	16.7				0.5	0	12.8	3838	63.98	9.12	56.8	6.8	8.02	1393.3	6222.03	169.29	15.5	9.5	15.39	92.96	407.69	37.7	104.03	3.4	825.05	0.67	48.69	914.86	133.28	362.48	93.73	16.79	213.42	2.19	12.12	19.48	18.34	4.8	608	34	193	0.4	21	10.6	7	0.5	62	148	4.4	7.7	2.9	OK				
FR469A	M	1 Mosquito	1 Mosquito	28	2020-12-07								1280	160	80	0	N	0	11	9	0	0	0	0	0	0	0	0	0	3.2	9.34	0.25	6.17	2.92	2.7	66.1	31.2	6.33	13.4	38.97	21.1	62	34.3	16.3	38.3	251	9	0.22	36.2	14				0.5	0	15.3	4602	89.3	6.2	176.38	6.8	6.15	1510.8	4181.97	256.74	15.5	34.63	2.3	76.06	349.77	37.7	61.22	2.72	489.1	0.67	27.76	1393.05	155.99	75.2	198.03	8.39	21.9	6.12	12.12	19.48	89.63	5.1	389	52	193	0.3	28	10.5	5.1	0.7	78	150	4.2	8.5	3.5	OK				
UG253A	M	1 Mosquito	Control	28	2020-12-08								19	19	19	0	N	0	9	3	0	0	0	0	0	0	0	0	0	3.2	12	0.14	2.1	9.77	1.1	17.5	81.4	7.06	14.1	40.85	19.9	58	34.4	18.8	41.4	352	9.3	0.33	37.8	16.1				0.5	0	11.6	3474	92.65	2.68	93.54	6.8	2.78	347.46	3561.09	208.93	15.5	14.27	6.44	4.07	408.99	37.7	72.91	1.16	774.3	0.67	2.14	1816.55	131.94	208.52	27.77	7.1	21.9	2.19	12.12	19.48	3.25	4.2	499	54	nv	0.3	30	10.1	4	0.7	75	143	4.6	7.7	3.5	OK				
BC407	F	1 Mosquito	1 Mosquito	28	2020-12-08								19	19	19	0	N	0	9	6	0	0	0	0	0	0	0	0	0	3.1	9.48	3.87	0.18	5.43	40.8	1.9	57.3	6.07	12.9	38.55	21.3	63	33.5	16.5	40.6	183	10.4	0.19	39.3	18.1				0.5	0	6.4	1924	32.37	6.02	56.8	6.8	1.17	196.69	2044.63	264.18	15.5	14.27	10.73	16.27	385.86	37.7	1.7	0.36	119.92	0.67	7.22	917.64	125.59	60.06	27.77	7.1	21.9	2.19	12.12	19.48	5.84	4.6	196	69	209	0.4	30	10.4	4.8	0.9	72	147	4.3	8.2	3.6	OK				
CP60	F	1 Mosquito	1 Mosquito	28	2020-12-07								640	80	40	0	N	0	11	9	0	0	0	0	0	0	0	0	0	3.2	3.99	3.05	2.1	1.84	1.3	52.6	46.1	5.55	11.7	33.09	21.1	60	35.4	18.7	43	264	8.8	0.23	34.4	12.3				0.5	0	0.2	73	231.79	6.45	191.8	6.8	5.6	1345.48	3927.26	142.61	15.5	97.01	6.44	297.96	1208.85	34.31	153.01	1.1	2704.43	0.67	705.88	1324.38	135.93	308.91	65.4	20.58	21.9	2.19	143.82	19.48	5.84	4.6	297	61	267	0.4	23	9.9	5	0.9	62	148	4.3	7.8	3.2	OK				
BC116A	M	10 Mosquitos	10 Mosquitos	28	2020-12-07								320	40	20	0	N	0	4	0										3.3	8.9	2.74	0.22	5.94	30.8	2.5	66.7	6.82	14.8	42.44	21.7	62	34.8	16.3	38.3	311	9.2	0.29	37.2	15.2				0.5	0	3.7	1097	26.46	8.01	56.8	6.8	8.77	526.36	2974.25	97.06	15.5	14.27	14.18	37.83	362.75	37.7	31.29	3.03	37.47	0.67	7.22	914.86	130.27	66.05	97.8	13.83	21.9	2.19	12.12	19.48	7.5	4.7	482	43	236	0.3	18	10.3	6	0.7	63	149	4.1	8.1	3.4	OK				
FR423A	M	10 Mosquitos	10 Mosquitos	28	2020-12-07								1280	320	160	0	N	0	12	10	0	0	0	0	0	0	0	0	0	3.4	9.49	0.11	4.56	4.82	1.2	48	50.8	6.76	13.1	37.6	19.4	56	34.8	19.1	40.6	295	9.7	0.29	40.6	20.5				0.5	0	0.02	10	85.1	6.03	154.5	6.8	5.06	447.21	3611.29	267.22	15.5	35.19	0.95	55.41	306.08	37.7	86.01	2.92	681.8	0.67	33.17	1257.03	164.85	180.1	122.83	6.33	21.9	7.61	12.12	19.48	12.86	4.5	570	56	203	0.4	17	10.2	6.5	0.4	75	147	4.7	7.8	3.4	OK				
SB395	F	10 Mosquitos	10 Mosquitos	28	2020-12-07								2560	1280	160	0	N	0	10	9	0	0	0	0	0	0	0	0	0	3.4	6.39	0.19	1.23	4.97	2.9	19.2	77.9	6.19	13.3	38.84	21.4	63	34.2	16.5	39.8	269	8.8	0.24	34.7	12.6				0.5	0	5.6	1668	120.06	2.93	77.1	6.8	5.48	1645.05	3913.92	161.67	15.5	14.27	6.44	100.35	543.5	37.7	108	1.54	899.54	0.67	155.58	583	158.27	165.33	150.32	13.61	21.9	2.19	12.12	19.48	5.84	4.7	285	35	304	0.3	29	10.3	4.8	0.6	60	149	4.6	7.4	2.7	OK				
FR840	F	10 Mosquitos	10 Mosquitos	28	2020-12-07								2560	320	80	0	N	0	8	7	0	0	0	0	0	0	0	0	0	3.9	7.91	0.4	1.73	5.78	5.1	5.1	73.1	6.05	13.5	38.06	22.4	63	35.5	16.5	39.8	319	10.9	0.35	39.3	18.1				0.5	0	4.9	1458	76.04	6.02	16.24	6.8	1.1	38.27	3532.11	295.31	15.5	14.27	6.44	16.27	308.59	37.7	43.79	0.68	398.75	0.67	7.22	1009.6	88.91	93.34	27.77	7.1	21.9	2.19	12.12	19.48	13.15	4.7	148	50	299	0.3	21	9.8	4.5	0.4	nv	149	4.3	8.1	3.5	OK				
BC167	F	10 Mosquitos	10 Mosquitos	28	2020-12-07								2560	1280	80	0	N	0	9	5	0	0	0	0	0	0	0	0	0	3.2	9.24	3.39	0.17	5.68	36.7	36.7	61.5	5.15	11.4	33.15	22	64	34.2	17.4	43	317	9.3	0.29	36.6	13.5				0.5	0	1.1	331	108.23	5.39	95.59	6.8	4.16	835.62	4.55	219.3	15.5	44.9	3.58	81.99	358.62	37.7	69.11	2.72	652.3	0.67	104.17	1057.22	107.87	70.2	175.49	10.43	21.9	1.46	12.12	16.91	15.76	4.4	213	56	223	0.4	19	10	6.2	0.6	56	150	4.3	7.2	2.8	OK				
